ref,type
Berakhot 2a:1-5,Mishnah
Berakhot 2a:6-11,Sugya
Berakhot 2a:12-13,Sugya
Berakhot 2a:14-2b:4,Sugya
Berakhot 2b:5-16,Sugya
Berakhot 2b:17-3a:3,Sugya
Berakhot 3a:4-11,Sugya
Berakhot 3a:12-14,Sugya
Berakhot 3a:15-3b:9,Sugya
Berakhot 3b:10-16,Sugya
Berakhot 3b:17-19,Sugya
Berakhot 3b:20-22,Sugya
Berakhot 3b:23-26,Sugya
Berakhot 3b:27-4a:7,Sugya
Berakhot 4a:8-13,Sugya
Berakhot 4a:14-18,Sugya
Berakhot 4a:19-4b:5,Sugya
Berakhot 4b:6-15,Sugya
Berakhot 4b:16-22,Sugya
Berakhot 4b:23-26,Sugya
Berakhot 4b:27-5a:1,Sugya
Berakhot 5a:2,Sugya
Berakhot 5a:3,Sugya
Berakhot 5a:4-5,Sugya
Berakhot 5a:6-8,Sugya
Berakhot 5a:9-13,Sugya
Berakhot 5a:14-19,Sugya
Berakhot 5a:20-5b:9,Sugya
Berakhot 5b:10-16,Sugya
Berakhot 5b:17-20,Sugya
Berakhot 5b:21-24,Sugya
Berakhot 5b:25-6a:1,Sugya
Berakhot 6a:2-6,Sugya
Berakhot 6a:7-16,Sugya
Berakhot 6a:17-6b:1,Sugya
Berakhot 6b:2-4,Sugya
Berakhot 6b:5-8,Sugya
Berakhot 6b:9-10,Sugya
Berakhot 6b:11-17,Sugya
Berakhot 6b:18-20,Sugya
Berakhot 6b:21-25,Sugya
Berakhot 6b:26-28,Sugya
Berakhot 6b:29-33,Sugya
Berakhot 6b:34-36,Sugya
Berakhot 6b:37,Sugya
Berakhot 7a:1-4,Sugya
Berakhot 7a:5-15,Sugya
Berakhot 7a:16-21,Sugya
Berakhot 7a:22,Sugya
Berakhot 7a:23-25,Sugya
Berakhot 7a:26-33,Sugya
Berakhot 7a:34-36,Sugya
Berakhot 7b:1-5,Sugya
Berakhot 7b:6-10,Sugya
Berakhot 7b:11-14,Sugya
Berakhot 7b:15-22,Sugya
Berakhot 7b:23-25,Sugya
Berakhot 7b:26,Sugya
Berakhot 7b:27-8a:4,Sugya
Berakhot 8a:5-8,Sugya
Berakhot 8a:9-15,Sugya
Berakhot 8a:16-20,Sugya
Berakhot 8a:21-29,Sugya
Berakhot 8a:30-8b:7,Sugya
Berakhot 8b:8-12,Sugya
Berakhot 8b:13-16,Sugya
Berakhot 8b:17-9a:4,Sugya
Berakhot 9a:5-7,Sugya
Berakhot 9a:8-10,Sugya
Berakhot 9a:11-28,Sugya
Berakhot 9a:29-9b:2,Sugya
Berakhot 9b:3-5,Sugya
Berakhot 9b:6-8,Sugya
Berakhot 9b:9-10,Mishnah
Berakhot 9b:11-15,Sugya
Berakhot 9b:16-18,Sugya
Berakhot 9b:19-24,Sugya
Berakhot 9b:25-10a:1,Sugya
Berakhot 10a:2-7,Sugya
Berakhot 10a:8-11,Sugya
Berakhot 10a:12-20,Sugya
Berakhot 10a:21-25,Sugya
Berakhot 10a:26-10b:5,Sugya
Berakhot 10b:6-10,Sugya
Berakhot 10b:11-13,Sugya
Berakhot 10b:14-25,Sugya
Berakhot 10b:26-30,Sugya
Berakhot 10b:31-36,Sugya
Berakhot 10b:37-41,Mishnah
Berakhot 11a:1-14,Sugya
Berakhot 11a:15-18,Sugya
Berakhot 11a:19-23,Sugya
Berakhot 11a:24-25,Mishnah
Berakhot 11a:26-11b:7,Sugya
Berakhot 11b:8-9,Sugya
Berakhot 11b:10-19,Sugya
Berakhot 11b:20-12a:3,Sugya
Berakhot 12a:4-9,Sugya
Berakhot 12a:10-22,Sugya
Berakhot 12a:23-12b:1,Sugya
Berakhot 12b:2-5,Sugya
Berakhot 12b:6-8,Sugya
Berakhot 12b:9-13,Sugya
Berakhot 12b:14-22,Sugya
Berakhot 12b:23-25,Mishnah
Berakhot 12b:26-13a:3,Sugya
Berakhot 13a:4-15,Sugya
Berakhot 13a:16-21,Mishnah
Berakhot 13a:22-24,Sugya
Berakhot 13a:25-35,Sugya
Berakhot 13a:36-13b:3,Sugya
Berakhot 13b:4-12,Sugya
Berakhot 13b:13-15,Sugya
Berakhot 13b:16-17,Sugya
Berakhot 13b:18-20,Sugya
Berakhot 13b:21,Sugya
Berakhot 13b:22-25,Sugya
Berakhot 13b:26-14a:2,Sugya
Berakhot 14a:3-6,Sugya
Berakhot 14a:7-10,Sugya
Berakhot 14a:11-17,Sugya
Berakhot 14a:18-19,Sugya
Berakhot 14a:20-14b:1,Sugya
Berakhot 14b:2-3,Sugya
Berakhot 14b:4-10,Sugya
Berakhot 14b:11-15,Sugya
Berakhot 14b:16-24,Sugya
Berakhot 14b:25-15a:5,Sugya
Berakhot 15a:6-8,Mishnah
Berakhot 15a:9-23,Sugya
Berakhot 15a:24-15b:11,Sugya
Berakhot 15b:12-14,Sugya
Berakhot 15b:15-18,Sugya
Berakhot 15b:19-22,Sugya
Berakhot 15b:23-26,Sugya
Berakhot 15b:27-29,Sugya
Berakhot 15b:30-16a:1,Sugya
Berakhot 16a:2-6,Sugya
Berakhot 16a:7-8,Mishnah
Berakhot 16a:9-13,Sugya
Berakhot 16a:14-19,Sugya
Berakhot 16a:20-16b:4,Sugya
Berakhot 16b:5-7,Mishnah
Berakhot 16b:8,Sugya
Berakhot 16b:9-12,Sugya
Berakhot 16b:13-16,Sugya
Berakhot 16b:17,Sugya
Berakhot 16b:18-17a:4,Sugya
Berakhot 17a:5-6,Sugya
Berakhot 17a:7-12,Sugya
Berakhot 17a:13-14,Sugya
Berakhot 17a:15-17b:1,Sugya
Berakhot 17b:2-5,Sugya
Berakhot 17b:6-11,Sugya
Berakhot 17b:12-15,Mishnah
Berakhot 17b:16-18a:3,Sugya
Berakhot 18a:4-7,Sugya
Berakhot 18a:8-9,Sugya
Berakhot 18a:10-12,Sugya
Berakhot 18a:13-18b:3,Sugya
Berakhot 18b:4-11,Sugya
Berakhot 18b:12-16,Sugya
Berakhot 18b:17-19a:1,Sugya
Berakhot 19a:2-6,Sugya
Berakhot 19a:7-17,Sugya
Berakhot 19a:18,Sugya
Berakhot 19a:19-21,Sugya
Berakhot 19a:22-23,Sugya
Berakhot 19b:1,Sugya
Berakhot 19b:2-5,Sugya
Berakhot 19b:6-8,Sugya
Berakhot 19b:9-11,Sugya
Berakhot 19b:12-14,Sugya
Berakhot 19b:15-20a:3,Sugya
Berakhot 20a:4-5,Sugya
Berakhot 20a:6-9,Sugya
Berakhot 20a:10-20b:1,Mishnah
Berakhot 20b:2-7,Sugya
Berakhot 20b:8-10,Sugya
Berakhot 20b:11-15,Sugya
Berakhot 20b:16,Mishnah
Berakhot 20b:17-21a:2,Sugya
Berakhot 21a:3-6,Sugya
Berakhot 21a:7-13,Sugya
Berakhot 21a:14-21b:1,Sugya
Berakhot 21b:2-7,Sugya
Berakhot 21b:8-15,Sugya
Berakhot 21b:16-22a:7,Sugya
Berakhot 22a:8,Sugya
Berakhot 22a:9-10,Sugya
Berakhot 22a:11-14,Sugya
Berakhot 22a:15,Sugya
Berakhot 22a:16-20,Sugya
Berakhot 22a:21-23,Sugya
Berakhot 22a:24-22b:1,Sugya
Berakhot 22b:2-5,Sugya
Berakhot 22b:6-12,Sugya
Berakhot 22b:13-14,Mishnah
Berakhot 22b:15-17,Sugya
Berakhot 22b:18-23a:2,Sugya
Berakhot 23a:3-8,Sugya
Berakhot 23a:9-14,Sugya
Berakhot 23a:15-23b:1,Sugya
Berakhot 23b:2-13,Sugya
Berakhot 23b:14-16,Sugya
Berakhot 23b:17-19,Sugya
Berakhot 23b:20-24a:4,Sugya
Berakhot 24a:5-9,Sugya
Berakhot 24a:10-11,Sugya
Berakhot 24a:12-14,Sugya
Berakhot 24a:15-17,Sugya
Berakhot 24a:18-22,Sugya
Berakhot 24a:23-24b:6,Sugya
Berakhot 24b:7,Sugya
Berakhot 24b:8-10,Sugya
Berakhot 24b:11-12,Sugya
Berakhot 24b:13-21,Sugya
Berakhot 24b:22-25a:1,Sugya
Berakhot 25a:2,Sugya
Berakhot 25a:3-4,Sugya
Berakhot 25a:5-7,Sugya
Berakhot 25a:8,Sugya
Berakhot 25a:9-12,Sugya
Berakhot 25a:13-16,Sugya
Berakhot 25a:17-25b:1,Sugya
Berakhot 25b:2-3,Sugya
Berakhot 25b:4-8,Sugya
Berakhot 25b:9,Sugya
Berakhot 25b:10,Sugya
Berakhot 25b:11,Sugya
Berakhot 25b:12-21,Sugya
Berakhot 25b:22-23,Sugya
Berakhot 25b:24-26a:1,Sugya
Berakhot 26a:2-6,Sugya
Berakhot 26a:7,Mishnah
Berakhot 26a:8-10,Sugya
Berakhot 26a:11-12,Mishnah
Berakhot 26a:13-16,Sugya
Berakhot 26a:17-21,Sugya
Berakhot 26b:1-3,Sugya
Berakhot 26b:4-7,Sugya
Berakhot 26b:8-14,Sugya
Berakhot 26b:15-27a:4,Sugya
Berakhot 27a:5-8,Sugya
Berakhot 27a:9-12,Sugya
Berakhot 27a:13-14,Sugya
Berakhot 27a:15-27b:3,Sugya
Berakhot 27b:4-8,Sugya
Berakhot 27b:9-12,Sugya
Berakhot 27b:13-14,Sugya
Berakhot 27b:15-18,Sugya
Berakhot 27b:19-28a:1,Sugya
Berakhot 28a:2-3,Sugya
Berakhot 28a:4-8,Sugya
Berakhot 28a:9-13,Sugya
Berakhot 28a:14-17,Sugya
Berakhot 28a:18-19,Sugya
Berakhot 28b:1-2,Sugya
Berakhot 28b:3,Mishnah
Berakhot 28b:4-5,Sugya
Berakhot 28b:6-11,Sugya
Berakhot 28b:12-15,Mishnah
Berakhot 28b:16-19,Sugya
Berakhot 28b:20-29a:9,Sugya
Berakhot 29a:10-12,Sugya
Berakhot 29a:13-14,Sugya
Berakhot 29a:15-18,Sugya
Berakhot 29a:19-22,Sugya
Berakhot 29a:23-29b:1,Sugya
Berakhot 29b:2-6,Sugya
Berakhot 29b:7-9,Sugya
Berakhot 29b:10-15,Sugya
Berakhot 29b:16-30a:3,Sugya
Berakhot 30a:4-5,Sugya
Berakhot 30a:6-7,Sugya
Berakhot 30a:8-10,Sugya
Berakhot 30a:11-16,Sugya
Berakhot 30a:17,Mishnah
Berakhot 30a:18-30b:3,Sugya
Berakhot 30b:4-7,Sugya
Berakhot 30b:8-13,Sugya
Berakhot 30b:14,Mishnah
Berakhot 30b:15-19,Sugya
Berakhot 30b:20-31a:4,Sugya
Berakhot 31a:5-10,Sugya
Berakhot 31a:11-16,Sugya
Berakhot 31a:17-18,Sugya
Berakhot 31a:19-26,Sugya
Berakhot 31a:27-31b:5,Sugya
Berakhot 31b:6-13,Sugya
Berakhot 31b:14-18,Sugya
Berakhot 31b:19-22,Sugya
Berakhot 31b:23-25,Sugya
Berakhot 31b:26-32a:1,Sugya
Berakhot 32a:2-13,Sugya
Berakhot 32a:14-23,Sugya
Berakhot 32a:24-31,Sugya
Berakhot 32a:32-33,Sugya
Berakhot 32b:1-4,Sugya
Berakhot 32b:5-7,Sugya
Berakhot 32b:8-14,Sugya
Berakhot 32b:15-19,Sugya
Berakhot 32b:20-25,Sugya
Berakhot 32b:26-33a:2,Sugya
Berakhot 33a:3-10,Sugya
Berakhot 33a:11,Mishnah
Berakhot 33a:12-17,Sugya
Berakhot 33a:18-23,Sugya
Berakhot 33a:24-31,Sugya
Berakhot 33a:32-33b:1,Sugya
Berakhot 33b:2-15,Sugya
Berakhot 33b:16,Mishnah
Berakhot 33b:17-20,Sugya
Berakhot 33b:21-25,Sugya
Berakhot 33b:26-34a:1,Sugya
Berakhot 34a:2-3,Mishnah
Berakhot 34a:4-5,Sugya
Berakhot 34a:6-10,Sugya
Berakhot 34a:11-13,Sugya
Berakhot 34a:14-34b:4,Sugya
Berakhot 34b:5-11,Sugya
Berakhot 34b:12,Mishnah
Berakhot 34b:13-17,Sugya
Berakhot 34b:18-26,Sugya
Berakhot 34b:27-28,Sugya
Berakhot 34b:29-31,Sugya
Berakhot 35a:1,Mishnah
Berakhot 35a:2-18,Sugya
Berakhot 35a:19-35b:1,Sugya
Berakhot 35b:2-3,Sugya
Berakhot 35b:4-10,Sugya
Berakhot 35b:11-12,Sugya
Berakhot 35b:13-21,Sugya
Berakhot 35b:22-36a:4,Sugya
Berakhot 36a:5-12,Sugya
Berakhot 36a:13-17,Sugya
Berakhot 36a:18-21,Sugya
Berakhot 36a:22-36b:2,Sugya
Berakhot 36b:3-13,Sugya
Berakhot 36b:14-17,Sugya
Berakhot 36b:18,Sugya
Berakhot 36b:19-37a:1,Sugya
Berakhot 37a:2-10,Sugya
Berakhot 37a:11,Sugya
Berakhot 37a:12-37b:3,Sugya
Berakhot 37b:4,Sugya
Berakhot 37b:5-10,Sugya
Berakhot 37b:11-38a:3,Sugya
Berakhot 38a:4-7,Sugya
Berakhot 38a:8-13,Sugya
Berakhot 38a:14-38b:2,Sugya
Berakhot 38b:3-5,Sugya
Berakhot 38b:6-8,Sugya
Berakhot 38b:9-14,Sugya
Berakhot 38b:15-39a:3,Sugya
Berakhot 39a:4-7,Sugya
Berakhot 39a:8-10,Sugya
Berakhot 39a:11-12,Sugya
Berakhot 39a:13-39b:2,Sugya
Berakhot 39b:3-8,Sugya
Berakhot 39b:9-11,Sugya
Berakhot 40a:1,Sugya
Berakhot 40a:2,Sugya
Berakhot 40a:3,Sugya
Berakhot 40a:4-9,Sugya
Berakhot 40a:10-11,Sugya
Berakhot 40a:12,Mishnah
Berakhot 40a:13,Sugya
Berakhot 40a:14-40b:1,Sugya
Berakhot 40b:2-5,Sugya
Berakhot 40b:6-9,Sugya
Berakhot 40b:10-11,Sugya
Berakhot 40b:12-13,Mishnah
Berakhot 40b:14-16,Sugya
Berakhot 40b:17-41a:1,Sugya
Berakhot 41a:2-5,Sugya
Berakhot 41a:6-8,Sugya
Berakhot 41a:9-41b:3,Sugya
Berakhot 41b:4-5,Sugya
Berakhot 41b:6-7,Sugya
Berakhot 41b:8-42a:1,Sugya
Berakhot 42a:2-4,Sugya
Berakhot 42a:5-6,Sugya
Berakhot 42a:7-8,Sugya
Berakhot 42a:9-42b:1,Mishnah
Berakhot 42b:2-5,Sugya
Berakhot 42b:6-7,Sugya
Berakhot 42b:8-10,Sugya
Berakhot 42b:11-43a:1,Sugya
Berakhot 43a:2-8,Sugya
Berakhot 43a:9,Sugya
Berakhot 43a:10-12,Sugya
Berakhot 43a:13-43b:2,Sugya
Berakhot 43b:3-6,Sugya
Berakhot 43b:7,Sugya
Berakhot 43b:8,Sugya
Berakhot 43b:9-10,Sugya
Berakhot 43b:11-12,Sugya
Berakhot 43b:13-20,Sugya
Berakhot 44a:1,Sugya
Berakhot 44a:2-4,Sugya
Berakhot 44a:5-7,Sugya
Berakhot 44a:8,Mishnah
Berakhot 44a:9-12,Sugya
Berakhot 44a:13-17,Sugya
Berakhot 44b:1-7,Sugya
Berakhot 44b:8,Sugya
Berakhot 44b:9-23,Sugya
Berakhot 44b:24,Sugya
Berakhot 44b:25-45a:1,Sugya
Berakhot 45a:2-3,Sugya
Berakhot 45a:4-5,Mishnah
Berakhot 45a:6-9,Sugya
Berakhot 45a:10-45b:5,Sugya
Berakhot 45b:6-10,Sugya
Berakhot 45b:11-14,Sugya
Berakhot 45b:15-17,Sugya
Berakhot 45b:18-19,Sugya
Berakhot 45b:20-24,Sugya
Berakhot 46a:1-6,Sugya
Berakhot 46a:7-12,Sugya
Berakhot 46a:13-46b:5,Sugya
Berakhot 46b:6-13,Sugya
Berakhot 46b:14-47a:3,Sugya
Berakhot 47a:4-11,Sugya
Berakhot 47a:12-13,Sugya
Berakhot 47a:14,Sugya
Berakhot 47a:15-47b:1,Sugya
Berakhot 47b:2-3,Sugya
Berakhot 47b:4-5,Sugya
Berakhot 47b:6-7,Sugya
Berakhot 47b:8-12,Sugya
Berakhot 47b:13-18,Sugya
Berakhot 47b:19-20,Sugya
Berakhot 47b:21-48a:3,Sugya
Berakhot 48a:4,Sugya
Berakhot 48a:5-48b:1,Sugya
Berakhot 48b:2-4,Sugya
Berakhot 48b:5-9,Sugya
Berakhot 48b:10-12,Sugya
Berakhot 48b:13-49a:5,Sugya
Berakhot 49a:6-14,Sugya
Berakhot 49a:15,Sugya
Berakhot 49a:16-18,Sugya
Berakhot 49a:19-49b:2,Sugya
Berakhot 49b:3-5,Sugya
Berakhot 49b:6-10,Sugya
Berakhot 49b:11-15,Mishnah
Berakhot 49b:16-50a:2,Sugya
Berakhot 50a:3-9,Sugya
Berakhot 50a:10-13,Sugya
Berakhot 50a:14-15,Sugya
Berakhot 50a:16,Sugya
Berakhot 50a:17-19,Mishnah
Berakhot 50a:20-50b:3,Sugya
Berakhot 50b:4-8,Sugya
Berakhot 50b:9-12,Sugya
Berakhot 50b:13-51a:1,Sugya
Berakhot 51a:2-4,Sugya
Berakhot 51a:5-12,Sugya
Berakhot 51a:13-15,Sugya
Berakhot 51a:16-51b:4,Sugya
Berakhot 51b:5-7,Sugya
Berakhot 51b:8-10,Sugya
Berakhot 51b:11-20,Mishnah
Berakhot 51b:21-52a:1,Sugya
Berakhot 52a:2-7,Sugya
Berakhot 52a:8-12,Sugya
Berakhot 52a:13-52b:6,Sugya
Berakhot 52b:7-16,Sugya
Berakhot 52b:17-22,Sugya
Berakhot 52b:23-26,Sugya
Berakhot 52b:27-29,Sugya
Berakhot 52b:30-53a:2,Sugya
Berakhot 53a:3-7,Sugya
Berakhot 53a:8-13,Sugya
Berakhot 53a:14-22,Sugya
Berakhot 53a:23-25,Sugya
Berakhot 53a:26-34,Sugya
Berakhot 53b:1-12,Sugya
Berakhot 53b:13-19,Sugya
Berakhot 53b:20-24,Sugya
Berakhot 53b:25-30,Sugya
Berakhot 53b:31-33,Sugya
Berakhot 54a:1-4,Mishnah
Berakhot 54a:5,Sugya
Berakhot 54a:6,Sugya
Berakhot 54a:7-8,Sugya
Berakhot 54a:9,Sugya
Berakhot 54a:10-13,Sugya
Berakhot 54a:14-54b:3,Sugya
Berakhot 54b:4-6,Sugya
Berakhot 54b:7-11,Sugya
Berakhot 54b:12-20,Sugya
Berakhot 54b:21-55a:6,Sugya
Berakhot 55a:7-8,Sugya
Berakhot 55a:9-11,Sugya
Berakhot 55a:12-14,Sugya
Berakhot 55a:15-55b:2,Sugya
Berakhot 55b:3-6,Sugya
Berakhot 55b:7-10,Sugya
Berakhot 55b:11-13,Sugya
Berakhot 55b:14-20,Sugya
Berakhot 55b:21-56a:1,Sugya
Berakhot 56a:2-14,Sugya
Berakhot 56a:15,Sugya
Berakhot 56a:16-56b:1,Sugya
Berakhot 56b:2-3,Sugya
Berakhot 56b:4-6,Sugya
Berakhot 56b:7-8,Sugya
Berakhot 56b:9-17,Sugya
Berakhot 56b:18-57a:1,Sugya
Berakhot 57a:2-4,Sugya
Berakhot 57a:5-11,Sugya
Berakhot 57a:12-20,Sugya
Berakhot 57a:21-22,Sugya
Berakhot 57b:1-6,Sugya
Berakhot 57b:7-8,Sugya
Berakhot 57b:9-12,Sugya
Berakhot 57b:13-18,Sugya
Berakhot 57b:19,Sugya
Berakhot 57b:20,Sugya
Berakhot 57b:21-58a:1,Sugya
Berakhot 58a:2-7,Sugya
Berakhot 58a:8-12,Sugya
Berakhot 58a:13-17,Sugya
Berakhot 58b:1-4,Sugya
Berakhot 58b:5,Sugya
Berakhot 58b:6-7,Sugya
Berakhot 58b:8-10,Sugya
Berakhot 58b:11,Sugya
Berakhot 58b:12-59a:3,Sugya
Berakhot 59a:4-6,Sugya
Berakhot 59a:7,Sugya
Berakhot 59a:8,Sugya
Berakhot 59a:9-12,Sugya
Berakhot 59a:13,Sugya
Berakhot 59a:14-15,Sugya
Berakhot 59b:1,Sugya
Berakhot 59b:2-5,Sugya
Berakhot 59b:6-13,Sugya
Berakhot 59b:14-16,Sugya
Berakhot 59b:17-60a:6,Sugya
Berakhot 60a:7-10,Sugya
Berakhot 60a:11-14,Sugya
Berakhot 60a:15-18,Sugya
Berakhot 60a:19-22,Sugya
Berakhot 60a:23-30,Sugya
Berakhot 60b:1-2,Sugya
Berakhot 60b:3-6,Sugya
Berakhot 60b:7-61a:2,Sugya
Berakhot 61a:3-5,Sugya
Berakhot 61a:6-19,Sugya
Berakhot 61a:20-26,Sugya
Berakhot 61a:27-61b:1,Sugya
Berakhot 61b:2-4,Sugya
Berakhot 61b:5-10,Sugya
Berakhot 61b:11-16,Sugya
Berakhot 62a:1-3,Sugya
Berakhot 62a:4-9,Sugya
Berakhot 62a:10-16,Sugya
Berakhot 62a:17-22,Sugya
Berakhot 62b:1-6,Sugya
Berakhot 62b:7-10,Sugya
Berakhot 62b:11-17,Sugya
Berakhot 62b:18-19,Sugya
Berakhot 62b:20-63a:2,Sugya
Berakhot 63a:3-5,Sugya
Berakhot 63a:6-16,Sugya
Berakhot 63a:17-22,Sugya
Berakhot 63a:23-63b:4,Sugya
Berakhot 63b:5-6,Sugya
Berakhot 63b:7-9,Sugya
Berakhot 63b:10-15,Sugya
Berakhot 63b:16-20,Sugya
Berakhot 63b:21-64a:1,Sugya
Berakhot 64a:2-5,Sugya
Berakhot 64a:6-10,Sugya
Berakhot 64a:11-12,Sugya
Berakhot 64a:13-15,Sugya
