Word Form,Is In Existing Lexicon,Locations found in texts
a fortiori,False,Mishnah Bava Batra 9:7;Mishnah Bava Batra 9:7;Mishnah Yevamot 8:3;Mishnah Makhshirin 6:8;Mishnah Keritot 3:7;Mishnah Zevachim 12:3;Mishnah Nazir 7:4
acharei mot,False,Mishnah Yoma 7:1
ad infinitum,False,Mishnah Yevamot 1:1;Mishnah Yevamot 1:1
adnei hasadeh,False,Mishnah Kilayim 8:5
afikoman,False,Mishnah Pesachim 10:8
aiylonit,False,Mishnah Niddah 5:9
akaeidah,False,Mishnah Tamid 4:1
akel,False,Mishnah Bekhorot 7:6;Mishnah Bekhorot 7:6
akhan,False,Mishnah Oholot 15:7
akrvanim,False,Mishnah Eruvin 2:6
al,True,
albersia blitum,False,Mishnah Sheviit 9:1
alef,False,Mishnah Shekalim 3:2
alpha,False,Mishnah Shekalim 3:2
am ha-aretz,False,Mishnah Tevul Yom 4:5
am haaretz,False,Mishnah Demai 1:2;Mishnah Demai 1:3;Mishnah Demai 2:2;Mishnah Demai 2:2;Mishnah Demai 2:3;Mishnah Chagigah 2:7;Mishnah Horayot 3:8;Mishnah Horayot 3:8;Mishnah Demai 3:4;Mishnah Demai 3:4;Mishnah Demai 6:9;Mishnah Demai 6:9;Mishnah Demai 6:12;Mishnah Makhshirin 6:3;Mishnah Makhshirin 6:3;Mishnah Tahorot 7:1;Mishnah Tahorot 7:2;Mishnah Tahorot 7:2;Mishnah Tahorot 7:4;Mishnah Tahorot 7:5;Mishnah Tahorot 7:5;Mishnah Tahorot 8:1;Mishnah Tahorot 8:2;Mishnah Tahorot 8:2;Mishnah Tahorot 8:3;Mishnah Tahorot 8:3;Mishnah Tahorot 8:5;Mishnah Sheviit 5:9;Mishnah Maaser Sheni 3:3;Mishnah Maaser Sheni 4:6
amah,False,Mishnah Eruvin 2:5;Mishnah Eruvin 4:11;Mishnah Eruvin 5:7;Mishnah Middot 1:9;Mishnah Middot 1:9;Mishnah Middot 2:3;Mishnah Middot 2:3;Mishnah Middot 2:3;Mishnah Middot 2:3;Mishnah Middot 2:5;Mishnah Middot 2:5;Mishnah Middot 2:6;Mishnah Middot 2:6;Mishnah Middot 2:6;Mishnah Middot 3:1;Mishnah Middot 3:1;Mishnah Middot 3:1;Mishnah Middot 3:1;Mishnah Middot 3:1;Mishnah Middot 3:1;Mishnah Middot 3:1;Mishnah Middot 3:1;Mishnah Middot 3:1;Mishnah Middot 3:1;Mishnah Middot 3:1;Mishnah Middot 3:3;Mishnah Middot 3:3;Mishnah Middot 3:3;Mishnah Middot 3:3;Mishnah Middot 3:6;Mishnah Middot 3:6;Mishnah Middot 3:6;Mishnah Middot 3:6;Mishnah Middot 3:6;Mishnah Middot 3:6;Mishnah Middot 3:6;Mishnah Middot 3:6;Mishnah Middot 3:6;Mishnah Middot 3:6;Mishnah Middot 3:7;Mishnah Middot 3:7;Mishnah Middot 3:7;Mishnah Middot 3:7;Mishnah Middot 4:1;Mishnah Middot 4:1;Mishnah Middot 4:6;Mishnah Middot 4:6;Mishnah Middot 4:6;Mishnah Middot 4:6;Mishnah Middot 4:6;Mishnah Middot 4:6;Mishnah Middot 4:6;Mishnah Middot 4:7;Mishnah Kelim 17:9;Mishnah Kelim 17:9;Mishnah Kelim 17:9
amei ha-aretz,False,Mishnah Chagigah 3:4;Mishnah Chagigah 3:5
amei haaretz,False,Mishnah Tahorot 7:4;Mishnah Tahorot 10:1;Mishnah Kelim 17:5
amen,False,Mishnah Shevuot 3:11;Mishnah Shevuot 4:3;Mishnah Shevuot 5:2;Mishnah Shevuot 5:5;Mishnah Shevuot 5:5;Mishnah Shevuot 5:5;Mishnah Shevuot 5:5;Mishnah Shevuot 5:5;Mishnah Shevuot 5:5;Mishnah Shevuot 8:2;Mishnah Shevuot 8:3;Mishnah Shevuot 8:3;Mishnah Shevuot 8:3;Mishnah Shevuot 8:5;Mishnah Shevuot 8:6;Mishnah Shevuot 8:6;Mishnah Shevuot 8:6;Mishnah Shevuot 8:6
amma,False,Mishnah Middot 2:1;Mishnah Middot 2:1
amot,False,Mishnah Eruvin 1:1;Mishnah Eruvin 1:1;Mishnah Eruvin 1:1;Mishnah Eruvin 1:2;Mishnah Eruvin 1:2;Mishnah Eruvin 1:8;Mishnah Eruvin 2:5;Mishnah Eruvin 2:5;Mishnah Eruvin 2:5;Mishnah Eruvin 2:5;Mishnah Eruvin 2:5;Mishnah Eruvin 3:3;Mishnah Eruvin 3:3;Mishnah Eruvin 4:1;Mishnah Eruvin 4:1;Mishnah Eruvin 4:1;Mishnah Eruvin 4:3;Mishnah Eruvin 4:5;Mishnah Eruvin 4:5;Mishnah Eruvin 4:5;Mishnah Eruvin 4:5;Mishnah Eruvin 4:6;Mishnah Eruvin 4:6;Mishnah Eruvin 4:7;Mishnah Eruvin 4:7;Mishnah Eruvin 4:7;Mishnah Eruvin 4:8;Mishnah Eruvin 4:8;Mishnah Eruvin 4:11;Mishnah Eruvin 4:11;Mishnah Eruvin 5:2;Mishnah Eruvin 5:2;Mishnah Eruvin 5:2;Mishnah Eruvin 5:3;Mishnah Eruvin 5:4;Mishnah Eruvin 5:7;Mishnah Eruvin 5:7;Mishnah Eruvin 5:8;Mishnah Eruvin 5:8;Mishnah Eruvin 5:9;Mishnah Eruvin 5:9;Mishnah Eruvin 5:9;Mishnah Eruvin 5:9;Mishnah Eruvin 7:2;Mishnah Eruvin 8:9;Mishnah Eruvin 8:10;Mishnah Eruvin 8:10;Mishnah Eruvin 8:10;Mishnah Eruvin 10:4;Mishnah Eruvin 10:5;Mishnah Rosh Hashanah 2:5;Mishnah Rosh Hashanah 2:5;Mishnah Middot 2:3;Mishnah Middot 2:3;Mishnah Middot 2:3;Mishnah Middot 2:5;Mishnah Middot 2:6;Mishnah Middot 2:6;Mishnah Middot 2:6;Mishnah Middot 2:6;Mishnah Middot 2:6;Mishnah Middot 2:6;Mishnah Middot 2:6;Mishnah Middot 3:1;Mishnah Middot 3:1;Mishnah Middot 3:1;Mishnah Middot 3:1;Mishnah Middot 3:1;Mishnah Middot 3:1;Mishnah Middot 3:1;Mishnah Middot 3:1;Mishnah Middot 3:1;Mishnah Middot 3:1;Mishnah Middot 3:1;Mishnah Middot 3:1;Mishnah Middot 3:1;Mishnah Middot 3:6;Mishnah Middot 3:6;Mishnah Middot 3:6;Mishnah Middot 3:6;Mishnah Middot 3:6;Mishnah Middot 3:6;Mishnah Middot 3:6;Mishnah Middot 3:6;Mishnah Middot 3:6;Mishnah Middot 3:7;Mishnah Middot 3:7;Mishnah Middot 3:7;Mishnah Middot 4:1;Mishnah Middot 4:1;Mishnah Middot 4:1;Mishnah Middot 4:1;Mishnah Middot 4:4;Mishnah Middot 4:4;Mishnah Middot 4:4;Mishnah Middot 4:4;Mishnah Middot 4:4;Mishnah Middot 4:4;Mishnah Middot 4:4;Mishnah Middot 4:6;Mishnah Middot 4:6;Mishnah Middot 4:6;Mishnah Middot 4:6;Mishnah Middot 4:6;Mishnah Middot 4:6;Mishnah Middot 4:6;Mishnah Middot 4:6;Mishnah Middot 4:6;Mishnah Middot 4:6;Mishnah Middot 4:7;Mishnah Middot 4:7;Mishnah Middot 4:7;Mishnah Middot 4:7;Mishnah Middot 4:7;Mishnah Middot 4:7;Mishnah Middot 4:7;Mishnah Middot 4:7;Mishnah Middot 4:7;Mishnah Middot 4:7;Mishnah Middot 4:7;Mishnah Middot 4:7;Mishnah Middot 4:7;Mishnah Middot 4:7;Mishnah Middot 4:7;Mishnah Middot 4:7;Mishnah Middot 4:7;Mishnah Middot 4:7;Mishnah Middot 4:7;Mishnah Middot 4:7;Mishnah Middot 4:7;Mishnah Middot 4:7;Mishnah Middot 5:1;Mishnah Middot 5:1;Mishnah Middot 5:1;Mishnah Middot 5:1;Mishnah Middot 5:1;Mishnah Middot 5:1;Mishnah Middot 5:1;Mishnah Middot 5:1;Mishnah Middot 5:1;Mishnah Middot 5:2;Mishnah Middot 5:2;Mishnah Middot 5:2;Mishnah Middot 5:2;Mishnah Middot 5:2;Mishnah Middot 5:2;Mishnah Middot 5:2;Mishnah Middot 5:2;Mishnah Kelim 17:10;Mishnah Tamid 1:4;Mishnah Tamid 2:5
androgenus,False,Mishnah Nazir 2:7;Mishnah Nazir 2:7
androgynos,False,Mishnah Bikkurim 1:5
androgynous,False,Mishnah Zavim 2:1
anenu,False,Mishnah Taanit 1:6
ani vaho,False,Mishnah Sukkah 4:5
anos,False,Mishnah Kilayim 7:6;Mishnah Kilayim 7:6
anpikanon,False,Mishnah Menachot 8:3
antichi,False,Mishnah Shabbat 3:4
apikoros,False,Mishnah Sanhedrin 10:1
arav,False,Mishnah Shabbat 16:7;Mishnah Shabbat 22:3
arayot,False,Mishnah Yevamot 1:2;Mishnah Yevamot 1:2;Mishnah Yevamot 1:3;Mishnah Yevamot 2:4;Mishnah Yevamot 6:2
arel,False,Mishnah Nedarim 3:11
arelim,False,Mishnah Nedarim 3:11;Mishnah Nedarim 3:11
ariach,False,Mishnah Eruvin 1:3;Mishnah Eruvin 1:3;Mishnah Eruvin 1:3;Mishnah Eruvin 1:4;Mishnah Eruvin 1:4;Mishnah Eruvin 1:4
aris,False,Mishnah Kilayim 6:1;Mishnah Kilayim 6:1;Mishnah Kilayim 6:1;Mishnah Kilayim 6:2;Mishnah Kilayim 6:6;Mishnah Kilayim 6:6;Mishnah Kilayim 6:6;Mishnah Kilayim 6:6;Mishnah Kilayim 6:6;Mishnah Kilayim 6:7;Mishnah Kilayim 6:8;Mishnah Kilayim 6:9;Mishnah Kilayim 7:3
arum palaestinum,False,Mishnah Sheviit 5:2;Mishnah Sheviit 5:3;Mishnah Sheviit 5:4;Mishnah Sheviit 5:5
asham,True,
asham talui,False,Mishnah Yevamot 4:2;Mishnah Keritot 1:2;Mishnah Keritot 1:2;Mishnah Keritot 3:1;Mishnah Keritot 4:1;Mishnah Keritot 4:2;Mishnah Keritot 4:2;Mishnah Keritot 4:2;Mishnah Keritot 4:2;Mishnah Keritot 5:2;Mishnah Keritot 5:2;Mishnah Keritot 5:4;Mishnah Keritot 5:4;Mishnah Keritot 5:5;Mishnah Keritot 5:5;Mishnah Keritot 5:6;Mishnah Keritot 5:6;Mishnah Keritot 5:7;Mishnah Keritot 5:7;Mishnah Keritot 6:1;Mishnah Keritot 6:3;Mishnah Keritot 6:3;Mishnah Keritot 6:3
ashamim,True,
ashamot,False,Mishnah Temurah 1:1;Mishnah Maaser Sheni 1:7;Mishnah Keritot 5:2;Mishnah Keritot 6:4
ashamot teluiyim,False,Mishnah Keritot 6:4
asheirah,False,Mishnah Meilah 3:8
ashera,False,Mishnah Avodah Zarah 3:8;Mishnah Avodah Zarah 3:10;Mishnah Sukkah 3:1;Mishnah Sukkah 3:2;Mishnah Sukkah 3:3;Mishnah Avodah Zarah 3:8;Mishnah Avodah Zarah 3:10
asherah,False,Mishnah Avodah Zarah 3:7;Mishnah Orlah 1:7;Mishnah Orlah 1:8;Mishnah Sukkah 3:5;Mishnah Avodah Zarah 3:7
asheras,False,Mishnah Avodah Zarah 3:7;Mishnah Avodah Zarah 3:7
ashma talui,False,Mishnah Chullin 2:10
ashurit,False,Mishnah Megillah 1:8
asperim,False,Mishnah Eduyot 1:10
assimon,False,Mishnah Maaser Sheni 1:2
asufei,False,Mishnah Kiddushin 4:1;Mishnah Kiddushin 4:1;Mishnah Kiddushin 4:2;Mishnah Kiddushin 4:3
atseret,False,Mishnah Challah 4:10;Mishnah Bikkurim 1:3;Mishnah Bikkurim 1:6
atzeret,True,
atzmi,False,Mishnah Nedarim 2:5
av beit din,False,Mishnah Chagigah 2:2
av hatumah,False,Mishnah Shekalim 8:4;Mishnah Shekalim 8:6;Mishnah Shekalim 8:6;Mishnah Shekalim 8:7;Mishnah Makhshirin 4:2;Mishnah Makhshirin 4:8;Mishnah Makhshirin 4:8;Mishnah Tevul Yom 1:4;Mishnah Maaser Sheni 3:9;Mishnah Maaser Sheni 3:9;Mishnah Meilah 4:5
avodah,False,Mishnah Tamid 5:1;Mishnah Rosh Hashanah 4:5;Mishnah Rosh Hashanah 4:5
avot,True,
azah,False,Mishnah Negaim 7:2
azarah,False,Mishnah Bikkurim 1:8
azazel,False,Mishnah Shevuot 1:6
baal habayit,False,Mishnah Peah 4:1;Mishnah Peah 4:10;Mishnah Peah 4:10;Mishnah Peah 4:10;Mishnah Peah 4:11;Mishnah Peah 4:11;Mishnah Peah 5:2;Mishnah Peah 5:4;Mishnah Peah 5:7;Mishnah Peah 5:7;Mishnah Peah 6:5;Mishnah Peah 6:6;Mishnah Peah 6:6;Mishnah Peah 7:3;Mishnah Peah 7:4;Mishnah Peah 7:4;Mishnah Peah 7:7;Mishnah Peah 8:4;Mishnah Demai 5:7;Mishnah Demai 5:7;Mishnah Demai 7:3
baal keri,False,Mishnah Berakhot 3:4;Mishnah Berakhot 3:5;Mishnah Terumot 1:6;Mishnah Mikvaot 3:4;Mishnah Mikvaot 8:4;Mishnah Niddah 5:1;Mishnah Niddah 5:2;Mishnah Zavim 1:1;Mishnah Zavim 5:11
baal ov,False,Mishnah Sanhedrin 7:4;Mishnah Sanhedrin 7:7
baal peor,False,Mishnah Sanhedrin 7:6
baal pikah,False,Mishnah Bekhorot 7:6;Mishnah Bekhorot 7:6
baalei kerayin,False,Mishnah Mikvaot 8:1;Mishnah Mikvaot 8:1;Mishnah Mikvaot 8:2
baheret,True,
baherot,False,Mishnah Negaim 4:5
baitusim,True,
bamah,False,Mishnah Zevachim 14:10;Mishnah Zevachim 14:10;Mishnah Zevachim 14:10;Mishnah Zevachim 14:10
bamot,False,Mishnah Zevachim 14:4;Mishnah Zevachim 14:4;Mishnah Zevachim 14:5;Mishnah Zevachim 14:6;Mishnah Zevachim 14:7;Mishnah Zevachim 14:8;Mishnah Zevachim 14:9;Mishnah Zevachim 14:9;Mishnah Zevachim 14:9;Mishnah Zevachim 14:9;Mishnah Zevachim 14:9;Mishnah Zevachim 14:9;Mishnah Zevachim 14:10;Mishnah Zevachim 14:10;Mishnah Zevachim 14:10
bardosin,False,Mishnah Kilayim 9:7
bechor,False,Mishnah Zevachim 1:2;Mishnah Zevachim 1:2;Mishnah Zevachim 5:8;Mishnah Zevachim 5:8;Mishnah Zevachim 8:2;Mishnah Zevachim 8:2;Mishnah Zevachim 10:2;Mishnah Zevachim 10:3;Mishnah Zevachim 12:4
beharot,True,
beit,True,
beit av,False,Mishnah Tamid 1:1
beit din,False,Mishnah Shekalim 7:5;Mishnah Shekalim 7:6;Mishnah Shekalim 7:7;Mishnah Yoma 1:3;Mishnah Yoma 1:5;Mishnah Yoma 1:5
beit gilgul,False,Mishnah Tahorot 6:6;Mishnah Tahorot 6:6;Mishnah Tahorot 6:6
beit hamidrash,True,
beit haperas,False,Mishnah Eruvin 3:1
beit hapras,False,Mishnah Ketubot 2:11;Mishnah Niddah 7:5
beit kor,False,Mishnah Kiddushin 3:3;Mishnah Kiddushin 3:3;Mishnah Kiddushin 3:3;Mishnah Eruvin 2:3;Mishnah Eruvin 2:3;Mishnah Eruvin 2:6;Mishnah Kilayim 2:9;Mishnah Kilayim 3:7;Mishnah Kilayim 3:7
beit midrash,False,Mishnah Menachot 10:9
beit peras,False,Mishnah Nazir 7:3
beit pras,True,
beit rova,False,Mishnah Bava Batra 1:6;Mishnah Kilayim 2:9;Mishnah Kilayim 2:9;Mishnah Kilayim 2:10;Mishnah Kilayim 2:10;Mishnah Kilayim 2:10;Mishnah Kilayim 2:10;Mishnah Kilayim 2:10;Mishnah Kilayim 3:7;Mishnah Kilayim 3:7
beit rovah,False,Mishnah Peah 3:6
beit seah,False,Mishnah Kilayim 2:2;Mishnah Kilayim 2:2;Mishnah Kilayim 2:3;Mishnah Kilayim 2:9;Mishnah Kilayim 2:9;Mishnah Kilayim 3:7;Mishnah Kilayim 3:7;Mishnah Kilayim 5:1;Mishnah Oholot 17:1;Mishnah Sheviit 1:2;Mishnah Sheviit 1:2;Mishnah Sheviit 1:3;Mishnah Sheviit 1:4;Mishnah Sheviit 1:5;Mishnah Sheviit 1:6;Mishnah Sheviit 1:6;Mishnah Sheviit 1:7;Mishnah Sheviit 1:7;Mishnah Sheviit 1:7;Mishnah Sheviit 3:2;Mishnah Sheviit 3:3
beit seatayim,False,Mishnah Eruvin 2:3;Mishnah Eruvin 2:3;Mishnah Eruvin 2:3
beit sein,False,Mishnah Sheviit 3:4;Mishnah Sheviit 3:4;Mishnah Sheviit 3:4;Mishnah Sheviit 3:4
beith habirah,False,Mishnah Zevachim 12:5
bekhi yutan,False,Mishnah Makhshirin 1:1;Mishnah Makhshirin 1:1;Mishnah Makhshirin 1:2;Mishnah Makhshirin 1:2;Mishnah Makhshirin 1:2;Mishnah Makhshirin 1:2;Mishnah Makhshirin 1:3;Mishnah Makhshirin 1:3;Mishnah Makhshirin 1:4;Mishnah Makhshirin 1:4;Mishnah Makhshirin 1:4;Mishnah Makhshirin 1:5;Mishnah Makhshirin 1:5;Mishnah Makhshirin 1:6;Mishnah Makhshirin 1:6;Mishnah Makhshirin 1:6;Mishnah Makhshirin 1:6;Mishnah Makhshirin 1:6;Mishnah Makhshirin 1:6;Mishnah Makhshirin 2:2;Mishnah Makhshirin 3:1;Mishnah Makhshirin 3:1;Mishnah Makhshirin 3:1;Mishnah Makhshirin 3:2;Mishnah Makhshirin 3:4;Mishnah Makhshirin 3:4;Mishnah Makhshirin 3:4;Mishnah Makhshirin 3:4;Mishnah Makhshirin 3:4;Mishnah Makhshirin 3:5;Mishnah Makhshirin 3:5;Mishnah Makhshirin 3:5;Mishnah Makhshirin 3:5;Mishnah Makhshirin 3:5;Mishnah Makhshirin 3:5;Mishnah Makhshirin 3:6;Mishnah Makhshirin 3:6;Mishnah Makhshirin 3:7;Mishnah Makhshirin 3:7;Mishnah Makhshirin 3:7;Mishnah Makhshirin 3:7;Mishnah Makhshirin 3:8;Mishnah Makhshirin 3:8;Mishnah Makhshirin 3:8;Mishnah Makhshirin 3:8;Mishnah Makhshirin 3:8;Mishnah Makhshirin 4:1;Mishnah Makhshirin 4:1;Mishnah Makhshirin 4:1;Mishnah Makhshirin 4:1;Mishnah Makhshirin 4:2;Mishnah Makhshirin 4:2;Mishnah Makhshirin 4:2;Mishnah Makhshirin 4:3;Mishnah Makhshirin 4:3;Mishnah Makhshirin 4:5;Mishnah Makhshirin 4:5;Mishnah Makhshirin 4:5;Mishnah Makhshirin 4:5;Mishnah Makhshirin 4:5;Mishnah Makhshirin 4:5;Mishnah Makhshirin 4:5;Mishnah Makhshirin 4:5;Mishnah Makhshirin 4:5;Mishnah Makhshirin 4:7;Mishnah Makhshirin 5:1;Mishnah Makhshirin 5:2;Mishnah Makhshirin 5:2;Mishnah Makhshirin 5:2;Mishnah Makhshirin 5:3;Mishnah Makhshirin 5:3;Mishnah Makhshirin 5:4;Mishnah Makhshirin 5:4;Mishnah Makhshirin 5:4;Mishnah Makhshirin 5:5;Mishnah Makhshirin 5:5;Mishnah Makhshirin 5:5;Mishnah Makhshirin 5:6;Mishnah Makhshirin 5:6;Mishnah Makhshirin 5:6;Mishnah Makhshirin 5:7;Mishnah Makhshirin 5:7;Mishnah Makhshirin 5:7;Mishnah Makhshirin 5:7;Mishnah Makhshirin 5:8;Mishnah Makhshirin 5:8;Mishnah Makhshirin 6:1;Mishnah Makhshirin 6:1;Mishnah Makhshirin 6:1;Mishnah Makhshirin 6:2
ben sorer umoreh,False,Mishnah Sanhedrin 7:4
beta,False,Mishnah Shekalim 3:2
bikkuirm,False,Mishnah Meilah 4:3
bikkurim,False,Mishnah Bikkurim 1:1;Mishnah Bikkurim 1:3;Mishnah Bikkurim 1:3;Mishnah Bikkurim 1:3;Mishnah Bikkurim 1:7;Mishnah Bikkurim 1:8;Mishnah Bikkurim 2:1;Mishnah Bikkurim 2:1;Mishnah Bikkurim 2:2;Mishnah Bikkurim 2:2;Mishnah Bikkurim 2:2;Mishnah Bikkurim 2:3;Mishnah Bikkurim 2:4;Mishnah Bikkurim 2:4;Mishnah Bikkurim 2:4;Mishnah Bikkurim 2:5;Mishnah Bikkurim 2:5;Mishnah Bikkurim 3:1;Mishnah Bikkurim 3:1;Mishnah Bikkurim 3:1;Mishnah Bikkurim 3:2;Mishnah Bikkurim 3:3;Mishnah Bikkurim 3:8;Mishnah Bikkurim 3:8;Mishnah Bikkurim 3:9;Mishnah Bikkurim 3:9;Mishnah Bikkurim 3:10;Mishnah Bikkurim 3:10;Mishnah Bikkurim 3:10;Mishnah Bikkurim 3:10;Mishnah Bikkurim 3:10;Mishnah Bikkurim 3:10;Mishnah Bikkurim 3:10;Mishnah Bikkurim 3:10;Mishnah Bikkurim 3:11;Mishnah Bikkurim 3:11;Mishnah Bikkurim 3:11;Mishnah Bikkurim 3:12;Mishnah Bikkurim 3:12;Mishnah Makkot 3:3;Mishnah Orlah 2:1
bikurim,True,
birchat kohanim,False,Mishnah Tamid 5:1
birkat hamazon,False,Mishnah Berakhot 3:3
birkat hashanim,False,Mishnah Berakhot 5:2
birkat kohanim,False,Mishnah Rosh Hashanah 4:5;Mishnah Rosh Hashanah 4:5
birsin,False,Mishnah Kilayim 9:7
biur,False,Mishnah Sheviit 7:1;Mishnah Sheviit 7:1;Mishnah Sheviit 7:1;Mishnah Sheviit 7:1;Mishnah Sheviit 7:2;Mishnah Sheviit 7:2;Mishnah Sheviit 7:2;Mishnah Sheviit 7:2;Mishnah Sheviit 7:2;Mishnah Sheviit 7:2;Mishnah Sheviit 7:5;Mishnah Sheviit 7:5;Mishnah Sheviit 7:5;Mishnah Sheviit 7:5;Mishnah Sheviit 7:5;Mishnah Sheviit 7:7;Mishnah Sheviit 7:7;Mishnah Sheviit 7:7;Mishnah Sheviit 7:7;Mishnah Sheviit 9:2;Mishnah Sheviit 9:5;Mishnah Sheviit 9:5;Mishnah Sheviit 9:8;Mishnah Sheviit 9:8;Mishnah Sheviit 9:8
bogeret,False,Mishnah Yevamot 6:4;Mishnah Yevamot 6:4;Mishnah Ketubot 3:9
bohak,True,
boshet,False,Mishnah Shevuot 5:4
brit,False,Mishnah Nedarim 3:11;Mishnah Nedarim 3:11
bukhriyah,False,Mishnah Sheviit 7:2
bulmos,False,Mishnah Yoma 8:6
casul,False,Mishnah Bekhorot 6:7;Mishnah Bekhorot 6:7
ceterach,False,Mishnah Sheviit 7:1;Mishnah Sheviit 7:2
chadash,True,
chag,False,Mishnah Bava Metzia 8:6;Mishnah Bava Metzia 8:6
chagigah,False,Mishnah Pesachim 6:3;Mishnah Pesachim 6:3;Mishnah Pesachim 6:4
chalal,False,Mishnah Kiddushin 4:6;Mishnah Kiddushin 4:6;Mishnah Kiddushin 4:6;Mishnah Yevamot 9:1;Mishnah Yevamot 9:2
chalala,False,Mishnah Kiddushin 4:6
chalalah,False,Mishnah Yevamot 9:2;Mishnah Yevamot 9:2
chalalim,False,Mishnah Kiddushin 4:1;Mishnah Kiddushin 4:1
chalitsah,False,Mishnah Bava Metzia 1:8
chalitza,True,
chalitzah,True,
challah,True,
challot,False,Mishnah Challah 4:10;Mishnah Challah 4:10
chalutsah,False,Mishnah Shevuot 4:7;Mishnah Shevuot 4:7
chalutza,True,
chalutzah,True,
chamets,False,Mishnah Pesachim 1:1;Mishnah Pesachim 1:1;Mishnah Pesachim 1:2;Mishnah Pesachim 1:2;Mishnah Pesachim 1:3;Mishnah Pesachim 1:4;Mishnah Pesachim 1:5;Mishnah Pesachim 1:5;Mishnah Pesachim 1:5;Mishnah Pesachim 1:5;Mishnah Pesachim 1:5;Mishnah Pesachim 1:5;Mishnah Pesachim 1:7;Mishnah Pesachim 2:1;Mishnah Pesachim 2:1;Mishnah Pesachim 2:2;Mishnah Pesachim 2:3;Mishnah Pesachim 2:3;Mishnah Pesachim 2:3;Mishnah Pesachim 2:4;Mishnah Pesachim 2:4;Mishnah Pesachim 10:4;Mishnah Pesachim 3:1;Mishnah Pesachim 3:3;Mishnah Pesachim 3:3;Mishnah Pesachim 3:6;Mishnah Pesachim 3:7;Mishnah Pesachim 3:7;Mishnah Pesachim 3:7;Mishnah Pesachim 3:8;Mishnah Pesachim 3:8;Mishnah Pesachim 5:4;Mishnah Pesachim 9:3;Mishnah Pesachim 9:3;Mishnah Challah 1:2
chametz,False,Mishnah Temurah 1:4;Mishnah Makkot 3:2
charchavina,False,Mishnah Pesachim 2:6
charoset,False,Mishnah Pesachim 2:8;Mishnah Pesachim 10:3;Mishnah Pesachim 10:3
chartzanim,False,Mishnah Nazir 6:2;Mishnah Nazir 6:2;Mishnah Nazir 6:2;Mishnah Nazir 6:2
charum,False,Mishnah Bekhorot 7:3;Mishnah Bekhorot 7:3
charuv,False,Mishnah Kilayim 1:2
chataot,False,Mishnah Maaser Sheni 1:7;Mishnah Parah 3:1
chatat,False,Mishnah Horayot 2:3;Mishnah Horayot 2:3;Mishnah Horayot 2:6;Mishnah Horayot 2:6;Mishnah Yadayim 1:2;Mishnah Oholot 5:5;Mishnah Oholot 5:5;Mishnah Mikvaot 1:8;Mishnah Mikvaot 5:1;Mishnah Mikvaot 5:4;Mishnah Mikvaot 10:6;Mishnah Mikvaot 10:6;Mishnah Mikvaot 10:8;Mishnah Meilah 2:5;Mishnah Meilah 3:1;Mishnah Meilah 3:1;Mishnah Meilah 3:1;Mishnah Meilah 3:1;Mishnah Meilah 3:2;Mishnah Meilah 5:1;Mishnah Meilah 5:3;Mishnah Arakhin 5:6;Mishnah Parah 3:3;Mishnah Parah 3:4;Mishnah Parah 3:4;Mishnah Parah 4:1;Mishnah Parah 5:1;Mishnah Parah 5:1;Mishnah Parah 5:2;Mishnah Parah 5:2;Mishnah Parah 5:4;Mishnah Parah 5:5;Mishnah Parah 5:6;Mishnah Parah 6:1;Mishnah Parah 6:5;Mishnah Parah 6:5;Mishnah Parah 7:5;Mishnah Parah 7:5;Mishnah Parah 7:5;Mishnah Parah 7:5;Mishnah Parah 7:5;Mishnah Parah 7:5;Mishnah Parah 7:6;Mishnah Parah 7:8;Mishnah Parah 7:11;Mishnah Parah 8:2;Mishnah Parah 8:2;Mishnah Parah 8:8;Mishnah Parah 8:9;Mishnah Parah 9:4;Mishnah Parah 9:5;Mishnah Parah 9:5;Mishnah Parah 9:6;Mishnah Parah 9:6;Mishnah Parah 9:6;Mishnah Parah 9:6;Mishnah Parah 9:6;Mishnah Parah 9:7;Mishnah Parah 9:8;Mishnah Parah 9:8;Mishnah Parah 9:8;Mishnah Parah 9:8;Mishnah Parah 9:9;Mishnah Parah 10:1;Mishnah Parah 10:1;Mishnah Parah 10:2;Mishnah Parah 10:2;Mishnah Parah 10:2;Mishnah Parah 10:2;Mishnah Parah 10:2;Mishnah Parah 10:3;Mishnah Parah 10:4;Mishnah Parah 10:5;Mishnah Parah 10:5;Mishnah Parah 10:5;Mishnah Parah 10:6;Mishnah Parah 10:6;Mishnah Parah 10:6;Mishnah Parah 10:6;Mishnah Parah 10:6;Mishnah Parah 10:6;Mishnah Parah 10:6;Mishnah Parah 11:1;Mishnah Parah 11:1;Mishnah Parah 11:2;Mishnah Parah 11:2;Mishnah Parah 11:2;Mishnah Parah 11:2;Mishnah Parah 11:2;Mishnah Parah 11:2;Mishnah Parah 11:2;Mishnah Parah 11:3;Mishnah Parah 11:3;Mishnah Parah 11:3;Mishnah Parah 11:6;Mishnah Parah 11:6;Mishnah Parah 11:6;Mishnah Parah 11:6;Mishnah Parah 11:6;Mishnah Parah 11:7;Mishnah Parah 11:7;Mishnah Parah 11:8;Mishnah Parah 11:8;Mishnah Parah 11:9;Mishnah Parah 12:1;Mishnah Parah 12:2;Mishnah Parah 12:2;Mishnah Parah 12:3;Mishnah Parah 12:4;Mishnah Parah 12:4;Mishnah Parah 12:5;Mishnah Parah 12:7;Mishnah Parah 12:8
chattaot,False,Mishnah Temurah 1:1;Mishnah Keritot 6:4
chattat,True,
chattot,False,Mishnah Shabbat 11:6;Mishnah Keritot 3:4;Mishnah Keritot 3:5;Mishnah Keritot 3:10;Mishnah Keritot 3:10;Mishnah Keritot 5:7;Mishnah Zevachim 5:3;Mishnah Zevachim 5:3;Mishnah Zevachim 8:1;Mishnah Zevachim 10:5;Mishnah Zevachim 11:1;Mishnah Zevachim 11:1;Mishnah Zevachim 14:3
chaver,True,
chavitim,False,Mishnah Tamid 1:3;Mishnah Tamid 1:3;Mishnah Tamid 1:3;Mishnah Tamid 3:1
chavitin,False,Mishnah Middot 1:4;Mishnah Tamid 4:3
chazakah,False,Mishnah Bava Batra 3:2
cheilev,False,Mishnah Meilah 4:2;Mishnah Meilah 4:2
chelev,False,Mishnah Chullin 7:1;Mishnah Chullin 7:1;Mishnah Chullin 8:6;Mishnah Chullin 8:6;Mishnah Chullin 8:6;Mishnah Chullin 8:6;Mishnah Pesachim 6:1;Mishnah Pesachim 7:5;Mishnah Pesachim 7:5;Mishnah Pesachim 7:5
cheref,False,Mishnah Nedarim 1:2
cherek,False,Mishnah Nedarim 1:2
cherekh,False,Mishnah Nedarim 1:2
cherem,False,Mishnah Nedarim 1:2;Mishnah Nedarim 2:4;Mishnah Nedarim 2:4;Mishnah Nedarim 2:4;Mishnah Nedarim 2:4;Mishnah Nedarim 2:4;Mishnah Nedarim 2:5;Mishnah Nedarim 2:5;Mishnah Nedarim 5:4;Mishnah Nedarim 5:4;Mishnah Nedarim 5:4;Mishnah Beitzah 5:2
chet,False,Mishnah Shabbat 12:5
cheyl,False,Mishnah Parah 3:11
chi,True,
chil,False,Mishnah Middot 1:5;Mishnah Middot 1:7;Mishnah Middot 1:9;Mishnah Middot 2:3
chomesh,False,Mishnah Bikkurim 1:8;Mishnah Bikkurim 2:1
chomesh hapekudim,False,Mishnah Menachot 4:3
chonein hadaat,False,Mishnah Berakhot 5:2
choshen,False,Mishnah Yoma 7:5
chulin,True,
chullin,False,Mishnah Chagigah 2:5;Mishnah Chagigah 2:6;Mishnah Chagigah 2:6;Mishnah Chagigah 2:7;Mishnah Shekalim 2:3;Mishnah Shekalim 2:3;Mishnah Nedarim 1:3;Mishnah Nedarim 2:1;Mishnah Tevul Yom 2:2;Mishnah Tevul Yom 2:3;Mishnah Tevul Yom 2:3;Mishnah Tevul Yom 2:4;Mishnah Tevul Yom 3:4;Mishnah Tevul Yom 3:5;Mishnah Tevul Yom 4:1;Mishnah Tevul Yom 4:2;Mishnah Tevul Yom 4:3;Mishnah Orlah 2:4;Mishnah Orlah 2:8;Mishnah Orlah 2:9;Mishnah Orlah 2:11;Mishnah Zavim 3:2
chutz laaretz,False,Mishnah Maasrot 3:10;Mishnah Maasrot 3:10;Mishnah Terumot 7:3;Mishnah Terumot 9:4
cistus villosus,False,Mishnah Sheviit 7:6
cor,False,Mishnah Nedarim 8:7;Mishnah Nedarim 8:7
daled,False,Mishnah Maaser Sheni 4:11
dalit,False,Mishnah Kilayim 6:9
dalmatikon,False,Mishnah Kilayim 9:7
dam,False,Mishnah Sanhedrin 4:5
dan,False,Mishnah Shabbat 12:3
daniel,False,Mishnah Shabbat 12:3
darash,False,Mishnah Bava Metzia 2:7
darkonot,False,Mishnah Shekalim 2:1;Mishnah Shekalim 2:4;Mishnah Bava Batra 10:2;Mishnah Bava Batra 10:2
demai,True,
demei,False,Mishnah Sanhedrin 4:5;Mishnah Sanhedrin 4:5;Mishnah Sanhedrin 4:5
din,True,
dinar,True,
dinarim,False,Mishnah Shekalim 2:4;Mishnah Chullin 5:4;Mishnah Eduyot 1:10;Mishnah Eduyot 1:10;Mishnah Shevuot 6:7;Mishnah Shevuot 6:7
dinars,False,Mishnah Bava Metzia 5:1;Mishnah Bava Metzia 5:1;Mishnah Bava Metzia 5:1;Mishnah Bava Metzia 8:8;Mishnah Eduyot 4:7
dodayich,False,Mishnah Avodah Zarah 2:5;Mishnah Avodah Zarah 2:5
dodechah,False,Mishnah Avodah Zarah 2:5
egla arufa,False,Mishnah Sotah 7:2
eglah,False,Mishnah Chullin 1:6
eglah arufah,False,Mishnah Chullin 1:6;Mishnah Chullin 5:3
egori,False,Mishnah Kelim 17:8
eifah,True,
eifot,True,
eirus,False,Mishnah Oholot 8:1
emet veyatziv,False,Mishnah Berakhot 2:2;Mishnah Berakhot 2:2;Mishnah Tamid 5:1
enomlin,False,Mishnah Shabbat 20:2;Mishnah Shabbat 20:2
ephah,False,Mishnah Shekalim 2:5;Mishnah Keritot 6:8;Mishnah Keritot 6:8;Mishnah Keritot 6:8;Mishnah Keritot 6:8
ephiphorin,False,Mishnah Kelim 24:7
ephod,False,Mishnah Yoma 7:5
erev shabbat,False,Mishnah Demai 1:4
eruca,False,Mishnah Maasrot 4:5
eruca sativa,False,Mishnah Sheviit 9:1
erus,False,Mishnah Kilayim 5:8;Mishnah Kelim 15:6;Mishnah Kelim 15:6
erusin,False,Mishnah Sanhedrin 11:6
eruv,True,
eruvin,False,Mishnah Eruvin 3:6;Mishnah Eruvin 3:7;Mishnah Eruvin 6:8;Mishnah Eruvin 6:10;Mishnah Eruvin 7:1;Mishnah Eruvin 7:1;Mishnah Eruvin 7:2;Mishnah Eruvin 7:2;Mishnah Eruvin 7:2;Mishnah Eruvin 7:3;Mishnah Eruvin 7:3;Mishnah Eruvin 7:4;Mishnah Eruvin 7:4;Mishnah Eruvin 7:5;Mishnah Eruvin 7:5;Mishnah Eruvin 7:11;Mishnah Eruvin 7:11
ervah,False,Mishnah Yevamot 2:3;Mishnah Yevamot 2:3;Mishnah Yevamot 3:2;Mishnah Yevamot 3:3;Mishnah Yevamot 3:3;Mishnah Yevamot 3:4;Mishnah Yevamot 3:8;Mishnah Yevamot 15:3
eshkeroa,False,Mishnah Kelim 12:8
espar,False,Mishnah Maaser Sheni 2:9
esronim,False,Mishnah Menachot 13:1;Mishnah Menachot 13:2
esronot,False,Mishnah Menachot 12:2;Mishnah Menachot 12:2;Mishnah Menachot 12:2;Mishnah Menachot 12:2;Mishnah Menachot 12:2;Mishnah Menachot 12:3
etan,False,Mishnah Sotah 9:5
etrog,False,Mishnah Bikkurim 2:6;Mishnah Meilah 6:4;Mishnah Meilah 6:4
etzem,False,Mishnah Nedarim 2:5
ezovyon,False,Mishnah Parah 11:7
fundyon,True,
gabachat,True,
gad,False,Mishnah Shabbat 12:3
gad yavan,False,Mishnah Zavim 1:5
gadiel,False,Mishnah Shabbat 12:3
gamla,False,Mishnah Shekalim 3:2
gamma,False,Mishnah Middot 3:1
ger toshav,True,
gerushah,False,Mishnah Shevuot 4:7;Mishnah Shevuot 4:7
get,False,Mishnah Tevul Yom 4:5
gevurot,False,Mishnah Rosh Hashanah 4:5;Mishnah Rosh Hashanah 4:5
gezera shava,False,Mishnah Beitzah 1:6;Mishnah Beitzah 1:6
gezerah shavah,True,
giben,False,Mishnah Bekhorot 7:2
gilgal,False,Mishnah Zevachim 14:5
gimmel,False,Mishnah Shekalim 3:2
gittin,False,Mishnah Bava Metzia 1:7
givon,False,Mishnah Zevachim 14:7
goren,False,Mishnah Bekhorot 9:6;Mishnah Bekhorot 9:6;Mishnah Bekhorot 9:6
granot,False,Mishnah Bekhorot 9:5;Mishnah Bekhorot 9:6
hakhel,False,Mishnah Megillah 1:3
halakha,False,Mishnah Orlah 3:9
halakhah,False,Mishnah Keritot 3:9
halitzah,True,
hallah,True,
hallel,True,
hanef,False,Mishnah Sukkah 3:12
hardesiot,False,Mishnah Chullin 12:1
hashem,False,Mishnah Berakhot 4:4;Mishnah Berakhot 4:4
hasit,False,Mishnah Kelim 13:4
havdalah,False,Mishnah Berakhot 5:2;Mishnah Berakhot 5:2;Mishnah Berakhot 5:2;Mishnah Berakhot 8:5;Mishnah Berakhot 8:5;Mishnah Chullin 1:7;Mishnah Chullin 1:7;Mishnah Chullin 1:7;Mishnah Chullin 1:7;Mishnah Chullin 1:7
hay,False,Mishnah Pesachim 9:2
hefker,True,
heikhal,False,Mishnah Yoma 3:10
hekdesh,True,
hekdeshot,True,
henuma,False,Mishnah Ketubot 2:1;Mishnah Ketubot 2:11
hin,False,Mishnah Menachot 9:2;Mishnah Menachot 9:2;Mishnah Menachot 9:2;Mishnah Menachot 9:2;Mishnah Menachot 9:2;Mishnah Menachot 9:2;Mishnah Menachot 9:2;Mishnah Eduyot 1:3;Mishnah Eduyot 1:3;Mishnah Eduyot 1:3
hodaah,False,Mishnah Rosh Hashanah 4:5;Mishnah Rosh Hashanah 4:5
homer,True,
id,True,
iltit,False,Mishnah Makhshirin 6:3
ir miklat,True,
issar,True,
issarin,False,Mishnah Bava Metzia 4:5
issaron,False,Mishnah Menachot 7:1;Mishnah Menachot 7:1;Mishnah Menachot 7:1;Mishnah Menachot 9:1;Mishnah Menachot 9:1;Mishnah Menachot 9:1;Mishnah Menachot 9:1;Mishnah Menachot 9:1;Mishnah Menachot 9:1;Mishnah Menachot 9:1;Mishnah Menachot 9:1;Mishnah Menachot 9:1;Mishnah Menachot 9:3;Mishnah Menachot 10:4;Mishnah Menachot 10:4;Mishnah Menachot 12:3;Mishnah Menachot 12:3;Mishnah Menachot 12:4;Mishnah Menachot 12:4;Mishnah Menachot 12:4;Mishnah Menachot 12:5;Mishnah Menachot 13:1;Mishnah Menachot 13:1;Mishnah Menachot 13:2;Mishnah Menachot 13:2;Mishnah Menachot 13:2
issaronot,False,Mishnah Menachot 7:2;Mishnah Menachot 9:1
issarot,True,
istis,False,Mishnah Kilayim 2:5
kab,True,
kabbim,False,Mishnah Bava Metzia 6:5;Mishnah Eduyot 1:2;Mishnah Eduyot 1:3;Mishnah Eduyot 1:3;Mishnah Eduyot 4:3
kabim,True,
kal vachomer,True,
kal vahomer,False,Mishnah Sotah 6:3
kalbon,False,Mishnah Bekhorot 9:3;Mishnah Bekhorot 9:3;Mishnah Bekhorot 9:3
kalil,False,Mishnah Sanhedrin 10:6;Mishnah Sanhedrin 10:6
kallal,False,Mishnah Parah 10:3;Mishnah Parah 10:3
kallalot,False,Mishnah Parah 10:4
kankantom,False,Mishnah Shabbat 12:4
karachat,True,
karet,False,Mishnah Megillah 1:5;Mishnah Chullin 5:1;Mishnah Chullin 5:2;Mishnah Yevamot 4:13;Mishnah Pesachim 3:1;Mishnah Pesachim 3:5;Mishnah Pesachim 3:5;Mishnah Pesachim 3:5;Mishnah Pesachim 9:1;Mishnah Pesachim 9:4;Mishnah Pesachim 9:4;Mishnah Ketubot 3:1;Mishnah Menachot 1:3;Mishnah Menachot 1:3;Mishnah Menachot 1:3;Mishnah Menachot 1:3;Mishnah Menachot 1:4;Mishnah Menachot 1:4;Mishnah Menachot 1:4;Mishnah Menachot 1:4;Mishnah Keritot 1:1;Mishnah Keritot 1:1;Mishnah Keritot 1:1;Mishnah Keritot 1:2;Mishnah Keritot 2:6;Mishnah Keritot 6:3;Mishnah Challah 1:2;Mishnah Bikkurim 2:10;Mishnah Makkot 3:15;Mishnah Makkot 3:15;Mishnah Zevachim 2:1;Mishnah Zevachim 2:2;Mishnah Zevachim 2:2;Mishnah Zevachim 2:3;Mishnah Zevachim 2:3;Mishnah Zevachim 2:5;Mishnah Zevachim 2:5;Mishnah Zevachim 2:5;Mishnah Zevachim 2:5;Mishnah Zevachim 4:1;Mishnah Zevachim 4:2;Mishnah Zevachim 6:7;Mishnah Zevachim 6:7;Mishnah Zevachim 6:7;Mishnah Zevachim 6:7;Mishnah Zevachim 6:7;Mishnah Zevachim 6:7;Mishnah Zevachim 14:2;Mishnah Zevachim 14:2;Mishnah Zevachim 14:9;Mishnah Zevachim 14:9
karetot,False,Mishnah Shevuot 1:6
karfef,False,Mishnah Eruvin 2:5
karmelit,False,Mishnah Eruvin 8:7;Mishnah Eruvin 9:2
karpef,False,Mishnah Eruvin 2:3;Mishnah Eruvin 2:6;Mishnah Eruvin 5:2;Mishnah Eruvin 5:2;Mishnah Eruvin 5:2
karpeifot,False,Mishnah Eruvin 9:1
kasher,True,
kasvah,False,Mishnah Sanhedrin 9:6
katedra,False,Mishnah Kelim 4:3
kav,True,
kavin,True,
kavs,False,Mishnah Yoma 4:4;Mishnah Yoma 4:4;Mishnah Yoma 4:4;Mishnah Yoma 4:4;Mishnah Yoma 4:4;Mishnah Yoma 4:4
kazayit,False,Mishnah Pesachim 2:6;Mishnah Pesachim 3:2;Mishnah Pesachim 3:8;Mishnah Pesachim 3:8;Mishnah Pesachim 8:3;Mishnah Pesachim 8:6;Mishnah Pesachim 8:7
kebeitza,False,Mishnah Pesachim 3:8;Mishnah Pesachim 3:8
kedusha,False,Mishnah Ketubot 3:2
kedushat hayom,False,Mishnah Rosh Hashanah 4:5;Mishnah Rosh Hashanah 4:5
kehuna,False,Mishnah Ketubot 1:10;Mishnah Ketubot 1:10
kehunah,False,Mishnah Kiddushin 4:5;Mishnah Kiddushin 4:6;Mishnah Kiddushin 4:6;Mishnah Kiddushin 4:7;Mishnah Kiddushin 4:7;Mishnah Kiddushin 4:7;Mishnah Kiddushin 4:7
keitz hamizbeach,False,Mishnah Shekalim 4:4;Mishnah Shekalim 4:4;Mishnah Shekalim 4:4
kelai hakerem,False,Mishnah Meilah 4:7
kemitzot,False,Mishnah Kiddushin 1:8
kenas,False,Mishnah Shevuot 5:4;Mishnah Shevuot 5:4
kerem revai,True,
keri,True,
kerut shofkhah,False,Mishnah Yevamot 8:2
keruvim,True,
ketoret,True,
ketuba,True,
ketubah,True,
ketubba,False,Mishnah Bava Metzia 1:5
ketubot,False,Mishnah Ketubot 4:13;Mishnah Ketubot 9:9;Mishnah Ketubot 9:9;Mishnah Ketubot 9:9;Mishnah Ketubot 10:2;Mishnah Ketubot 10:3;Mishnah Ketubot 10:5;Mishnah Ketubot 10:5;Mishnah Ketubot 10:5
keturot,False,Mishnah Middot 2:5;Mishnah Middot 2:5
ketuvim,False,Mishnah Shabbat 16:1
keudshat hashem,False,Mishnah Rosh Hashanah 4:5;Mishnah Rosh Hashanah 4:5
khallah,False,Mishnah Bava Metzia 4:8
kikar,True,
kilayim,True,
kilei hakerem,False,Mishnah Kiddushin 2:10
kilyim,False,Mishnah Kilayim 7:2;Mishnah Kilayim 7:2;Mishnah Kilayim 7:3;Mishnah Kilayim 7:3
kinnim,False,Mishnah Kinnim 1:2
kinui,False,Mishnah Sanhedrin 7:5;Mishnah Sanhedrin 7:5;Mishnah Sanhedrin 7:8
kisum,False,Mishnah Kilayim 5:8
kiyor,False,Mishnah Middot 3:6;Mishnah Tamid 1:4
klisim,False,Mishnah Terumot 11:4
kodashim,True,
kodashim kalim,True,
kodesh,True,
kodeshei kodoshim,False,Mishnah Meilah 1:1;Mishnah Meilah 1:2
kodhsim kalim,False,Mishnah Meilah 1:3
kodshai kodashim,True,
kodshei kalim,False,Mishnah Makkot 3:3;Mishnah Orlah 2:17
kodshei kodashim,False,Mishnah Orlah 2:16;Mishnah Orlah 2:17
kodshei kodoshim,False,Mishnah Makkot 3:3;Mishnah Meilah 1:4;Mishnah Meilah 1:4
kodshim kalim,False,Mishnah Meilah 1:4;Mishnah Meilah 1:4;Mishnah Meilah 1:4;Mishnah Meilah 1:4
kohain,True,
kohanim,True,
kohanim gedolim,False,Mishnah Ketubot 13:1
kohanims,False,Mishnah Middot 2:6;Mishnah Middot 2:6;Mishnah Middot 2:6;Mishnah Middot 2:6
kohanm,False,Mishnah Middot 3:8
kohen,True,
kohen gadol,False,Mishnah Pesachim 7:7;Mishnah Ketubot 11:6;Mishnah Middot 1:3;Mishnah Middot 5:3;Mishnah Middot 5:4;Mishnah Tamid 3:8;Mishnah Tamid 6:3;Mishnah Tamid 6:3;Mishnah Tamid 7:1;Mishnah Tamid 7:1;Mishnah Tamid 7:1;Mishnah Tamid 7:2;Mishnah Tamid 7:2;Mishnah Tamid 7:2
kohen gadols,False,Mishnah Middot 1:4;Mishnah Tamid 3:1
kohen which,False,Mishnah Menachot 10:4
kohenet,False,Mishnah Kiddushin 4:4;Mishnah Ketubot 7:1;Mishnah Ketubot 7:2
kohnaim,False,Mishnah Tamid 1:1
koi,True,
kolach,False,Mishnah Kilayim 9:2
kolbon,False,Mishnah Chullin 1:7;Mishnah Chullin 1:7
koligriphon,False,Mishnah Kelim 13:2
kometz,True,
konach,False,Mishnah Nedarim 1:2
konam,True,
konas,False,Mishnah Nedarim 1:2
kor,True,
korban,False,Mishnah Nedarim 1:2;Mishnah Nedarim 1:3;Mishnah Nedarim 1:4;Mishnah Nedarim 1:4;Mishnah Nedarim 1:4;Mishnah Nedarim 1:4;Mishnah Nedarim 1:4;Mishnah Nedarim 2:2;Mishnah Nedarim 2:2;Mishnah Nedarim 2:2;Mishnah Nedarim 2:5;Mishnah Nedarim 2:5;Mishnah Nedarim 3:2;Mishnah Nedarim 3:5;Mishnah Nedarim 3:5;Mishnah Nedarim 3:5;Mishnah Nedarim 3:5;Mishnah Nedarim 3:5
korbanot,False,Mishnah Nedarim 2:5
kordima,False,Mishnah Shabbat 22:6
korim,False,Mishnah Bava Metzia 9:7
kortov,False,Mishnah Menachot 12:4
koy,False,Mishnah Bikkurim 2:8;Mishnah Bikkurim 2:11;Mishnah Nazir 5:7;Mishnah Bekhorot 1:5;Mishnah Bekhorot 1:5
kuf,True,
kulyas,False,Mishnah Shabbat 22:2;Mishnah Makhshirin 6:3
kupach,False,Mishnah Kelim 5:2;Mishnah Kelim 5:2;Mishnah Kelim 5:2
kur,True,
kurtov,False,Mishnah Mikvaot 3:1;Mishnah Mikvaot 3:4;Mishnah Mikvaot 7:2;Mishnah Mikvaot 7:2;Mishnah Mikvaot 7:5;Mishnah Mikvaot 7:5;Mishnah Mikvaot 7:5
kusmesaot,False,Mishnah Peah 5:8
kutach,False,Mishnah Pesachim 3:1
kuti,False,Mishnah Berakhot 7:1
kutim,False,Mishnah Nedarim 3:10;Mishnah Nedarim 3:10;Mishnah Nedarim 3:10
lab,False,Mishnah Bava Batra 7:2
lechaayin,False,Mishnah Eruvin 1:6
lechayim,False,Mishnah Eruvin 9:3
lechem hapanim,True,
lechi,False,Mishnah Eruvin 1:2;Mishnah Eruvin 1:2;Mishnah Eruvin 1:2;Mishnah Eruvin 1:2;Mishnah Eruvin 1:2;Mishnah Eruvin 1:2;Mishnah Eruvin 1:7
leket,True,
letech,False,Mishnah Tamid 5:5
letekh,True,
levi,False,Mishnah Orlah 2:1
levonah,False,Mishnah Meilah 2:9
libation wine,False,Mishnah Avodah Zarah 4:8
linah,False,Mishnah Meilah 2:1;Mishnah Meilah 2:2;Mishnah Meilah 2:3;Mishnah Meilah 2:4;Mishnah Meilah 2:5;Mishnah Meilah 2:6;Mishnah Meilah 2:7;Mishnah Meilah 2:8;Mishnah Meilah 2:9
lishkat hagazit,False,Mishnah Tamid 2:5;Mishnah Tamid 3:1;Mishnah Tamid 4:3
litra,False,Mishnah Shevuot 6:3;Mishnah Shevuot 6:3
lodashim,False,Mishnah Chullin 5:1
log,True,
logim,False,Mishnah Eduyot 1:3
logs,False,Mishnah Tahorot 4:11
luf,True,
lug,False,Mishnah Sukkah 4:9
lugim,False,Mishnah Bava Metzia 3:8;Mishnah Bava Metzia 3:8;Mishnah Bava Metzia 3:8
lugin,False,Mishnah Menachot 13:5;Mishnah Menachot 13:5;Mishnah Kelim 2:2
lugs,False,Mishnah Sukkah 4:9;Mishnah Sukkah 5:2
lulav,False,Mishnah Beitzah 1:5;Mishnah Sukkah 3:1;Mishnah Sukkah 3:1;Mishnah Sukkah 3:1;Mishnah Sukkah 3:4;Mishnah Sukkah 3:8;Mishnah Sukkah 3:9;Mishnah Sukkah 3:9;Mishnah Sukkah 3:11;Mishnah Sukkah 3:12;Mishnah Sukkah 3:12;Mishnah Sukkah 3:13;Mishnah Sukkah 3:13;Mishnah Sukkah 3:14;Mishnah Sukkah 3:15;Mishnah Sukkah 3:15;Mishnah Sukkah 4:1;Mishnah Sukkah 4:2;Mishnah Sukkah 4:2;Mishnah Sukkah 4:2;Mishnah Sukkah 4:4;Mishnah Sukkah 4:4;Mishnah Sukkah 4:4;Mishnah Nedarim 2:2;Mishnah Beitzah 1:5;Mishnah Shevuot 3:8
lulavim,False,Mishnah Sukkah 3:8;Mishnah Sukkah 3:9;Mishnah Sukkah 3:13;Mishnah Sukkah 4:4;Mishnah Sukkah 4:4;Mishnah Sukkah 4:4
lulivim,False,Mishnah Sukkah 4:7
maah,False,Mishnah Chagigah 1:5;Mishnah Ketubot 5:9;Mishnah Ketubot 5:9;Mishnah Menachot 13:4
maamad,False,Mishnah Tamid 5:6;Mishnah Bikkurim 3:2;Mishnah Bikkurim 3:2
maamar,False,Mishnah Yevamot 2:1;Mishnah Yevamot 2:2;Mishnah Yevamot 3:5;Mishnah Yevamot 3:6;Mishnah Yevamot 3:6;Mishnah Yevamot 3:9;Mishnah Yevamot 5:1;Mishnah Yevamot 5:1;Mishnah Yevamot 5:1;Mishnah Yevamot 5:1;Mishnah Yevamot 5:2;Mishnah Yevamot 5:2;Mishnah Yevamot 5:2;Mishnah Yevamot 5:3;Mishnah Yevamot 5:3;Mishnah Yevamot 5:3;Mishnah Yevamot 5:4;Mishnah Yevamot 5:4;Mishnah Yevamot 5:4;Mishnah Yevamot 5:4;Mishnah Yevamot 5:4;Mishnah Yevamot 5:4;Mishnah Yevamot 5:5;Mishnah Yevamot 5:5;Mishnah Yevamot 5:6;Mishnah Yevamot 5:6;Mishnah Yevamot 10:6;Mishnah Yevamot 6:4;Mishnah Eduyot 4:9
maariv,False,Mishnah Berakhot 4:1
maasar sheini,False,Mishnah Bekhorot 1:6
maaser,False,Mishnah Chagigah 2:5;Mishnah Chagigah 2:6;Mishnah Chagigah 2:6;Mishnah Yevamot 10:1;Mishnah Yevamot 9:4;Mishnah Yevamot 9:4;Mishnah Yevamot 9:5;Mishnah Yevamot 9:5;Mishnah Yevamot 9:5;Mishnah Yevamot 9:5;Mishnah Yevamot 9:5;Mishnah Yevamot 9:5;Mishnah Yevamot 9:6;Mishnah Yevamot 9:6;Mishnah Yevamot 9:6;Mishnah Makhshirin 2:10;Mishnah Makhshirin 2:10;Mishnah Menachot 7:5;Mishnah Menachot 7:5;Mishnah Menachot 7:5;Mishnah Maaser Sheni 1:5;Mishnah Maaser Sheni 3:11;Mishnah Maaser Sheni 3:12;Mishnah Maaser Sheni 3:12;Mishnah Maaser Sheni 3:12;Mishnah Challah 3:9;Mishnah Bikkurim 2:1;Mishnah Bikkurim 2:2;Mishnah Bikkurim 2:2;Mishnah Bikkurim 2:2;Mishnah Bikkurim 2:3;Mishnah Bikkurim 2:3;Mishnah Bikkurim 2:3;Mishnah Bikkurim 2:4;Mishnah Bikkurim 2:6;Mishnah Kelim 1:5;Mishnah Kelim 1:5;Mishnah Meilah 3:6;Mishnah Meilah 3:6;Mishnah Meilah 4:3;Mishnah Zevachim 1:2;Mishnah Zevachim 1:2;Mishnah Zevachim 5:8;Mishnah Zevachim 5:8;Mishnah Zevachim 8:2;Mishnah Zevachim 8:2;Mishnah Zevachim 10:3;Mishnah Zevachim 10:3
maaser behama,False,Mishnah Rosh Hashanah 1:1
maaser behema,False,Mishnah Chullin 1:7;Mishnah Chullin 1:7
maaser levi,False,Mishnah Maaser Sheni 5:10
maaser rishon,False,Mishnah Pesachim 2:5;Mishnah Pesachim 2:5;Mishnah Pesachim 2:6;Mishnah Shabbat 18:1;Mishnah Shabbat 18:1;Mishnah Eruvin 3:2;Mishnah Eruvin 3:2;Mishnah Yevamot 10:1;Mishnah Yevamot 9:4;Mishnah Sanhedrin 8:2;Mishnah Maaser Sheni 5:6;Mishnah Maaser Sheni 5:11;Mishnah Terumot 3:6;Mishnah Terumot 3:6;Mishnah Terumot 3:7;Mishnah Terumot 3:7;Mishnah Terumot 6:5;Mishnah Terumot 8:2;Mishnah Terumot 9:4;Mishnah Challah 1:3;Mishnah Makkot 3:2;Mishnah Terumot 5:1;Mishnah Terumot 5:1
maaser sheini,False,Mishnah Shekalim 7:1;Mishnah Shekalim 7:1;Mishnah Shekalim 7:1;Mishnah Shekalim 7:2;Mishnah Shekalim 7:2;Mishnah Yadayim 4:3;Mishnah Yadayim 4:3;Mishnah Makkot 3:2;Mishnah Niddah 10:7
maaser sheni,False,Mishnah Bava Metzia 4:6;Mishnah Bava Metzia 4:8;Mishnah Peah 5:4;Mishnah Peah 5:5;Mishnah Peah 5:5;Mishnah Shekalim 2:2;Mishnah Pesachim 2:5;Mishnah Pesachim 2:5;Mishnah Pesachim 2:6;Mishnah Shabbat 18:1;Mishnah Shabbat 18:1;Mishnah Eruvin 3:1;Mishnah Eruvin 3:2;Mishnah Eruvin 3:2;Mishnah Chullin 1:7;Mishnah Chullin 1:7;Mishnah Demai 5:1;Mishnah Demai 5:2;Mishnah Demai 6:4;Mishnah Demai 7:1;Mishnah Demai 7:2;Mishnah Demai 7:3;Mishnah Demai 7:4;Mishnah Demai 7:5;Mishnah Demai 7:5;Mishnah Pesachim 7:3;Mishnah Pesachim 7:3;Mishnah Sukkah 3:5;Mishnah Yadayim 4:3;Mishnah Sheviit 8:2;Mishnah Menachot 7:5;Mishnah Menachot 7:5;Mishnah Sanhedrin 8:2;Mishnah Sanhedrin 8:2;Mishnah Sanhedrin 10:6;Mishnah Maaser Sheni 1:1;Mishnah Maaser Sheni 1:2;Mishnah Maaser Sheni 1:7;Mishnah Maaser Sheni 1:7;Mishnah Maaser Sheni 1:7;Mishnah Maaser Sheni 1:7;Mishnah Maaser Sheni 1:7;Mishnah Maaser Sheni 1:7;Mishnah Maaser Sheni 2:1;Mishnah Maaser Sheni 2:1;Mishnah Maaser Sheni 2:1;Mishnah Maaser Sheni 2:1;Mishnah Maaser Sheni 2:1;Mishnah Maaser Sheni 2:1;Mishnah Maaser Sheni 2:1;Mishnah Maaser Sheni 2:2;Mishnah Maaser Sheni 2:2;Mishnah Maaser Sheni 2:2;Mishnah Maaser Sheni 2:3;Mishnah Maaser Sheni 2:4;Mishnah Maaser Sheni 2:5;Mishnah Maaser Sheni 2:5;Mishnah Maaser Sheni 2:5;Mishnah Maaser Sheni 2:5;Mishnah Maaser Sheni 2:6;Mishnah Maaser Sheni 2:7;Mishnah Maaser Sheni 2:8;Mishnah Maaser Sheni 2:9;Mishnah Maaser Sheni 3:2;Mishnah Maaser Sheni 3:3;Mishnah Maaser Sheni 3:4;Mishnah Maaser Sheni 3:5;Mishnah Maaser Sheni 3:5;Mishnah Maaser Sheni 3:6;Mishnah Maaser Sheni 3:6;Mishnah Maaser Sheni 3:6;Mishnah Maaser Sheni 3:6;Mishnah Maaser Sheni 3:9;Mishnah Maaser Sheni 3:10;Mishnah Maaser Sheni 3:10;Mishnah Maaser Sheni 3:10;Mishnah Maaser Sheni 3:10;Mishnah Maaser Sheni 3:10;Mishnah Maaser Sheni 3:12;Mishnah Maaser Sheni 3:13;Mishnah Maaser Sheni 3:13;Mishnah Maaser Sheni 4:1;Mishnah Maaser Sheni 4:1;Mishnah Maaser Sheni 4:2;Mishnah Maaser Sheni 4:2;Mishnah Maaser Sheni 4:3;Mishnah Maaser Sheni 4:3;Mishnah Maaser Sheni 4:4;Mishnah Maaser Sheni 4:4;Mishnah Maaser Sheni 4:6;Mishnah Maaser Sheni 4:6;Mishnah Maaser Sheni 4:7;Mishnah Maaser Sheni 4:8;Mishnah Maaser Sheni 4:8;Mishnah Maaser Sheni 4:8;Mishnah Maaser Sheni 4:8;Mishnah Maaser Sheni 4:8;Mishnah Maaser Sheni 4:8;Mishnah Maaser Sheni 4:8;Mishnah Maaser Sheni 4:8;Mishnah Maaser Sheni 4:12;Mishnah Maaser Sheni 4:12;Mishnah Maaser Sheni 5:6;Mishnah Maaser Sheni 5:10;Mishnah Maaser Sheni 5:11;Mishnah Terumot 1:5;Mishnah Terumot 3:6;Mishnah Terumot 3:7;Mishnah Terumot 6:5;Mishnah Terumot 8:2;Mishnah Terumot 9:4;Mishnah Terumot 10:5;Mishnah Terumot 11:3;Mishnah Challah 1:3;Mishnah Challah 3:9;Mishnah Zevachim 14:6;Mishnah Zevachim 14:8;Mishnah Terumot 5:1;Mishnah Terumot 5:1
maaserot,False,Mishnah Challah 1:2;Mishnah Challah 1:3;Mishnah Challah 1:4;Mishnah Challah 2:2;Mishnah Challah 3:4;Mishnah Challah 3:4;Mishnah Challah 3:4;Mishnah Challah 3:4;Mishnah Challah 3:4;Mishnah Challah 3:9;Mishnah Challah 4:7
maasrot,False,Mishnah Demai 5:10;Mishnah Demai 5:11
machol,False,Mishnah Kilayim 7:3;Mishnah Kilayim 4:1;Mishnah Kilayim 4:2;Mishnah Kilayim 4:3;Mishnah Kilayim 4:3
madaf,False,Mishnah Tahorot 8:2;Mishnah Parah 10:1;Mishnah Parah 10:1;Mishnah Parah 10:1;Mishnah Parah 10:1;Mishnah Parah 10:1;Mishnah Parah 10:1;Mishnah Parah 10:2;Mishnah Parah 10:2;Mishnah Zavim 5:2;Mishnah Zavim 5:2
magraifa,False,Mishnah Tamid 5:6;Mishnah Tamid 5:6;Mishnah Tamid 3:8
makhol,False,Mishnah Kelim 13:2
malkhiot,False,Mishnah Rosh Hashanah 4:5;Mishnah Rosh Hashanah 4:5;Mishnah Rosh Hashanah 4:5;Mishnah Rosh Hashanah 4:6
malkhut,False,Mishnah Rosh Hashanah 4:6
mamzer,True,
mamzeret,True,
mamzerim,False,Mishnah Kiddushin 3:13;Mishnah Kiddushin 4:1;Mishnah Kiddushin 4:1;Mishnah Yevamot 10:3;Mishnah Yevamot 10:3;Mishnah Yevamot 8:3
maneh,True,
marit haayin,False,Mishnah Sheviit 3:4
mashiach,False,Mishnah Berakhot 1:5
mashiv haruach,False,Mishnah Berakhot 5:2
matir,True,
matirim,True,
matsah,False,Mishnah Challah 1:2;Mishnah Challah 1:8;Mishnah Challah 3:7
mavoy,False,Mishnah Eruvin 1:1;Mishnah Eruvin 1:1;Mishnah Eruvin 1:1;Mishnah Eruvin 1:2;Mishnah Eruvin 1:2;Mishnah Eruvin 1:2;Mishnah Eruvin 6:2;Mishnah Eruvin 6:2;Mishnah Eruvin 6:2;Mishnah Eruvin 6:5;Mishnah Eruvin 6:5;Mishnah Eruvin 6:8;Mishnah Eruvin 6:8;Mishnah Eruvin 6:8;Mishnah Eruvin 6:8;Mishnah Eruvin 6:8;Mishnah Eruvin 6:8;Mishnah Eruvin 6:8;Mishnah Eruvin 6:8;Mishnah Eruvin 6:8;Mishnah Eruvin 6:8;Mishnah Eruvin 7:6;Mishnah Eruvin 7:6;Mishnah Eruvin 9:3;Mishnah Eruvin 9:4
meah,False,Mishnah Shekalim 1:7;Mishnah Shekalim 1:7
mechitza,False,Mishnah Eruvin 1:10;Mishnah Eruvin 1:10;Mishnah Eruvin 2:4;Mishnah Eruvin 8:6;Mishnah Eruvin 8:6;Mishnah Eruvin 8:6;Mishnah Eruvin 8:7;Mishnah Eruvin 8:7;Mishnah Eruvin 8:8;Mishnah Eruvin 8:8;Mishnah Eruvin 10:9
mechusar kapparah,False,Mishnah Keritot 2:1
mechusar kippurim,True,
mediach,False,Mishnah Sanhedrin 7:4;Mishnah Sanhedrin 7:10
medras,False,Mishnah Zavim 3:1;Mishnah Zavim 4:1;Mishnah Zavim 4:1
meduma,False,Mishnah Temurah 1:4;Mishnah Temurah 1:4;Mishnah Challah 3:2;Mishnah Challah 3:2
medumah,False,Mishnah Challah 1:4;Mishnah Orlah 2:4;Mishnah Orlah 2:6;Mishnah Orlah 2:7
megillah,False,Mishnah Megillah 1:1;Mishnah Megillah 1:4;Mishnah Megillah 1:4
meilah,False,Mishnah Avodah Zarah 2:5;Mishnah Yoma 5:6;Mishnah Chullin 8:6;Mishnah Temurah 4:1;Mishnah Temurah 4:1;Mishnah Keritot 3:9;Mishnah Keritot 3:9;Mishnah Keritot 3:9;Mishnah Keritot 3:9;Mishnah Keritot 5:2;Mishnah Keritot 5:2;Mishnah Keritot 5:2;Mishnah Keritot 5:2;Mishnah Keritot 5:3;Mishnah Keritot 5:3;Mishnah Keritot 5:3;Mishnah Keritot 5:3;Mishnah Keritot 6:6;Mishnah Keritot 6:6;Mishnah Beitzah 5:5;Mishnah Beitzah 5:5;Mishnah Meilah 1:1;Mishnah Meilah 1:1;Mishnah Meilah 1:1;Mishnah Meilah 1:1;Mishnah Meilah 1:2;Mishnah Meilah 1:2;Mishnah Meilah 1:2;Mishnah Meilah 1:2;Mishnah Meilah 1:2;Mishnah Meilah 1:3;Mishnah Meilah 1:3;Mishnah Meilah 1:4;Mishnah Meilah 1:4;Mishnah Meilah 1:4;Mishnah Meilah 1:4;Mishnah Meilah 1:4;Mishnah Meilah 1:4;Mishnah Meilah 2:1;Mishnah Meilah 2:1;Mishnah Meilah 2:2;Mishnah Meilah 2:2;Mishnah Meilah 2:3;Mishnah Meilah 2:3;Mishnah Meilah 2:4;Mishnah Meilah 2:4;Mishnah Meilah 2:5;Mishnah Meilah 2:6;Mishnah Meilah 2:7;Mishnah Meilah 2:7;Mishnah Meilah 2:8;Mishnah Meilah 2:8;Mishnah Meilah 2:8;Mishnah Meilah 2:9;Mishnah Meilah 3:1;Mishnah Meilah 3:1;Mishnah Meilah 3:2;Mishnah Meilah 3:2;Mishnah Meilah 3:2;Mishnah Meilah 3:3;Mishnah Meilah 3:3;Mishnah Meilah 3:3;Mishnah Meilah 3:3;Mishnah Meilah 3:4;Mishnah Meilah 3:4;Mishnah Meilah 3:4;Mishnah Meilah 3:4;Mishnah Meilah 3:4;Mishnah Meilah 3:5;Mishnah Meilah 3:5;Mishnah Meilah 3:6;Mishnah Meilah 3:6;Mishnah Meilah 3:6;Mishnah Meilah 3:6;Mishnah Meilah 3:7;Mishnah Meilah 3:7;Mishnah Meilah 3:7;Mishnah Meilah 3:7;Mishnah Meilah 3:7;Mishnah Meilah 3:8;Mishnah Meilah 3:8;Mishnah Meilah 3:8;Mishnah Meilah 4:1;Mishnah Meilah 4:1;Mishnah Meilah 5:1;Mishnah Meilah 5:1;Mishnah Meilah 5:1;Mishnah Meilah 5:1;Mishnah Meilah 5:1;Mishnah Meilah 5:1;Mishnah Meilah 5:1;Mishnah Meilah 5:2;Mishnah Meilah 5:3;Mishnah Meilah 5:3;Mishnah Meilah 5:3;Mishnah Meilah 5:3;Mishnah Meilah 5:3;Mishnah Meilah 5:3;Mishnah Meilah 5:3;Mishnah Meilah 5:3;Mishnah Meilah 5:3;Mishnah Meilah 5:4;Mishnah Meilah 5:4;Mishnah Meilah 5:4;Mishnah Meilah 5:4;Mishnah Meilah 5:4;Mishnah Meilah 5:4;Mishnah Meilah 5:4;Mishnah Meilah 5:4;Mishnah Meilah 6:1;Mishnah Meilah 6:1;Mishnah Meilah 6:1;Mishnah Meilah 6:1;Mishnah Meilah 6:1;Mishnah Meilah 6:1;Mishnah Meilah 6:2;Mishnah Meilah 6:2;Mishnah Meilah 6:2;Mishnah Meilah 6:2;Mishnah Meilah 6:3;Mishnah Meilah 6:3;Mishnah Meilah 6:4;Mishnah Meilah 6:4;Mishnah Meilah 6:4;Mishnah Meilah 6:4;Mishnah Meilah 6:5;Mishnah Meilah 6:5;Mishnah Meilah 6:5;Mishnah Meilah 6:6;Mishnah Meilah 6:6;Mishnah Meilah 6:6;Mishnah Zevachim 7:3;Mishnah Zevachim 7:4;Mishnah Zevachim 7:4;Mishnah Zevachim 7:4;Mishnah Zevachim 7:4;Mishnah Zevachim 7:4;Mishnah Zevachim 7:4;Mishnah Zevachim 7:4;Mishnah Zevachim 7:4;Mishnah Zevachim 7:4;Mishnah Zevachim 7:4;Mishnah Zevachim 7:4;Mishnah Zevachim 7:4;Mishnah Zevachim 7:4;Mishnah Zevachim 9:6;Mishnah Zevachim 9:6;Mishnah Parah 4:4
melacha,False,Mishnah Pesachim 6:2;Mishnah Pesachim 6:2;Mishnah Pesachim 6:2;Mishnah Pesachim 6:2;Mishnah Pesachim 6:2
melakha,False,Mishnah Shabbat 7:1;Mishnah Shabbat 7:1;Mishnah Shabbat 10:2;Mishnah Shabbat 12:1;Mishnah Shabbat 12:1;Mishnah Shabbat 19:1;Mishnah Keritot 1:1;Mishnah Keritot 3:10;Mishnah Keritot 4:1;Mishnah Keritot 4:2;Mishnah Keritot 4:2;Mishnah Keritot 4:2;Mishnah Keritot 4:2;Mishnah Keritot 4:2;Mishnah Keritot 4:2
melakhot,False,Mishnah Shabbat 7:1;Mishnah Shabbat 7:1;Mishnah Shabbat 7:1;Mishnah Shabbat 7:1;Mishnah Shabbat 7:2;Mishnah Shabbat 7:2;Mishnah Shabbat 7:2
melika,True,
melikah,True,
melikot,False,Mishnah Kiddushin 1:8
mem,False,Mishnah Maaser Sheni 4:11
menachot,False,Mishnah Zevachim 6:1;Mishnah Zevachim 6:2;Mishnah Zevachim 10:4
menora,True,
menorah,True,
meod,False,Mishnah Berakhot 9:5
meodekha,False,Mishnah Berakhot 9:5
merkulis,False,Mishnah Sanhedrin 7:6
meroach ashech,False,Mishnah Bekhorot 7:5
mesibah,False,Mishnah Middot 4:3
mesit,False,Mishnah Sanhedrin 7:4;Mishnah Sanhedrin 7:10;Mishnah Sanhedrin 7:10;Mishnah Sanhedrin 7:10;Mishnah Sanhedrin 7:10;Mishnah Sanhedrin 7:10;Mishnah Sanhedrin 7:10
metzora,True,
metzorah,True,
metzoraim,True,
mezuzah,False,Mishnah Berakhot 3:3;Mishnah Menachot 3:7
mezuzot,False,Mishnah Megillah 1:8;Mishnah Megillah 1:8;Mishnah Moed Katan 3:4;Mishnah Moed Katan 3:4
midaf,False,Mishnah Zavim 4:6
midah,False,Mishnah Berakhot 9:5
midbarit,False,Mishnah Kelim 17:8
midras,True,
mikva,False,Mishnah Tevul Yom 1:1;Mishnah Zavim 5:12
mikvah,False,Mishnah Makhshirin 4:8;Mishnah Tahorot 4:7;Mishnah Tahorot 4:7;Mishnah Tahorot 8:9;Mishnah Tahorot 10:3;Mishnah Mikvaot 6:3;Mishnah Mikvaot 6:3;Mishnah Mikvaot 6:4;Mishnah Beitzah 2:3;Mishnah Meilah 2:1;Mishnah Terumot 5:6;Mishnah Parah 8:8;Mishnah Parah 8:8
mikvaot,False,Mishnah Shekalim 1:1;Mishnah Moed Katan 1:2;Mishnah Mikvaot 1:1;Mishnah Mikvaot 1:4;Mishnah Mikvaot 1:6;Mishnah Mikvaot 1:6;Mishnah Mikvaot 1:7;Mishnah Mikvaot 1:7;Mishnah Mikvaot 1:7;Mishnah Mikvaot 1:7;Mishnah Mikvaot 1:8;Mishnah Mikvaot 1:8;Mishnah Mikvaot 2:1;Mishnah Mikvaot 2:2;Mishnah Mikvaot 2:3;Mishnah Mikvaot 2:3;Mishnah Mikvaot 3:1;Mishnah Mikvaot 3:1;Mishnah Mikvaot 6:3;Mishnah Mikvaot 6:3;Mishnah Mikvaot 6:3;Mishnah Mikvaot 6:3;Mishnah Mikvaot 6:7;Mishnah Mikvaot 6:7;Mishnah Mikvaot 6:8;Mishnah Mikvaot 6:9;Mishnah Mikvaot 8:1;Mishnah Mikvaot 8:1
mikveh,False,Mishnah Shabbat 2:7;Mishnah Shabbat 2:7;Mishnah Chullin 1:7;Mishnah Chullin 1:7;Mishnah Makhshirin 4:6;Mishnah Makhshirin 4:8;Mishnah Temurah 1:4;Mishnah Mikvaot 1:7;Mishnah Mikvaot 1:7;Mishnah Mikvaot 2:1;Mishnah Mikvaot 2:2;Mishnah Mikvaot 2:3;Mishnah Mikvaot 2:3;Mishnah Mikvaot 2:4;Mishnah Mikvaot 2:4;Mishnah Mikvaot 2:4;Mishnah Mikvaot 2:5;Mishnah Mikvaot 2:5;Mishnah Mikvaot 2:5;Mishnah Mikvaot 2:6;Mishnah Mikvaot 2:6;Mishnah Mikvaot 2:7;Mishnah Mikvaot 2:7;Mishnah Mikvaot 2:8;Mishnah Mikvaot 2:9;Mishnah Mikvaot 2:10;Mishnah Mikvaot 3:1;Mishnah Mikvaot 3:1;Mishnah Mikvaot 3:1;Mishnah Mikvaot 3:2;Mishnah Mikvaot 3:2;Mishnah Mikvaot 3:3;Mishnah Mikvaot 3:3;Mishnah Mikvaot 3:4;Mishnah Mikvaot 3:4;Mishnah Mikvaot 3:4;Mishnah Mikvaot 3:4;Mishnah Mikvaot 3:4;Mishnah Mikvaot 3:4;Mishnah Mikvaot 4:1;Mishnah Mikvaot 4:1;Mishnah Mikvaot 4:1;Mishnah Mikvaot 4:1;Mishnah Mikvaot 4:2;Mishnah Mikvaot 4:2;Mishnah Mikvaot 4:2;Mishnah Mikvaot 4:3;Mishnah Mikvaot 4:3;Mishnah Mikvaot 4:4;Mishnah Mikvaot 4:4;Mishnah Mikvaot 4:4;Mishnah Mikvaot 4:4;Mishnah Mikvaot 4:5;Mishnah Mikvaot 4:5;Mishnah Mikvaot 4:5;Mishnah Mikvaot 4:5;Mishnah Mikvaot 4:5;Mishnah Mikvaot 5:1;Mishnah Mikvaot 5:1;Mishnah Mikvaot 5:2;Mishnah Mikvaot 5:3;Mishnah Mikvaot 5:4;Mishnah Mikvaot 5:4;Mishnah Mikvaot 5:4;Mishnah Mikvaot 5:5;Mishnah Mikvaot 5:5;Mishnah Mikvaot 5:6;Mishnah Mikvaot 6:1;Mishnah Mikvaot 6:1;Mishnah Mikvaot 6:1;Mishnah Mikvaot 6:1;Mishnah Mikvaot 6:1;Mishnah Mikvaot 6:1;Mishnah Mikvaot 6:2;Mishnah Mikvaot 6:4;Mishnah Mikvaot 6:4;Mishnah Mikvaot 6:5;Mishnah Mikvaot 6:5;Mishnah Mikvaot 6:5;Mishnah Mikvaot 6:6;Mishnah Mikvaot 6:7;Mishnah Mikvaot 6:8;Mishnah Mikvaot 6:8;Mishnah Mikvaot 6:8;Mishnah Mikvaot 6:8;Mishnah Mikvaot 6:10;Mishnah Mikvaot 6:10;Mishnah Mikvaot 6:10;Mishnah Mikvaot 6:10;Mishnah Mikvaot 6:11;Mishnah Mikvaot 7:1;Mishnah Mikvaot 7:1;Mishnah Mikvaot 7:1;Mishnah Mikvaot 7:1;Mishnah Mikvaot 7:1;Mishnah Mikvaot 7:2;Mishnah Mikvaot 7:2;Mishnah Mikvaot 7:2;Mishnah Mikvaot 7:2;Mishnah Mikvaot 7:2;Mishnah Mikvaot 7:3;Mishnah Mikvaot 7:4;Mishnah Mikvaot 7:5;Mishnah Mikvaot 7:5;Mishnah Mikvaot 7:6;Mishnah Mikvaot 7:7;Mishnah Mikvaot 7:7;Mishnah Mikvaot 7:7;Mishnah Mikvaot 7:7;Mishnah Mikvaot 7:7;Mishnah Mikvaot 8:1;Mishnah Mikvaot 9:1;Mishnah Mikvaot 10:7;Mishnah Mikvaot 10:7;Mishnah Mikvaot 10:7;Mishnah Niddah 5:1
mil,False,Mishnah Yoma 6:4;Mishnah Yoma 6:4;Mishnah Yoma 6:8;Mishnah Yoma 6:8;Mishnah Yoma 6:8
milin,False,Mishnah Yoma 6:4;Mishnah Yoma 6:8
mina,False,Mishnah Eduyot 3:3
mincha,False,Mishnah Berakhot 4:1;Mishnah Shabbat 1:2;Mishnah Meilah 2:8
minchah,False,Mishnah Shekalim 2:5;Mishnah Shekalim 2:5;Mishnah Sukkah 4:8;Mishnah Nedarim 1:4
minyan,False,Mishnah Berakhot 4:7;Mishnah Berakhot 4:7;Mishnah Berakhot 4:7;Mishnah Berakhot 4:7
mishkan,False,Mishnah Zevachim 14:2;Mishnah Zevachim 14:2;Mishnah Zevachim 14:4;Mishnah Zevachim 14:4;Mishnah Zevachim 14:4;Mishnah Zevachim 14:6;Mishnah Zevachim 14:9;Mishnah Zevachim 14:10;Mishnah Zevachim 14:10;Mishnah Zevachim 14:10;Mishnah Zevachim 14:10;Mishnah Zevachim 14:10;Mishnah Zevachim 14:10
mishnah,False,Mishnah Keritot 1:2
mitsvah,False,Mishnah Shevuot 3:6;Mishnah Shevuot 3:6
mitzvah,False,Mishnah Yevamot 2:8;Mishnah Yevamot 5:2;Mishnah Yevamot 12:1;Mishnah Yevamot 12:6;Mishnah Yevamot 12:6;Mishnah Yevamot 12:6;Mishnah Yevamot 12:6;Mishnah Nedarim 2:2;Mishnah Sanhedrin 8:2;Mishnah Shevuot 3:6;Mishnah Shevuot 3:8
miun,False,Mishnah Sanhedrin 1:3;Mishnah Chullin 1:7;Mishnah Chullin 1:7;Mishnah Moed Katan 3:3
miyyun,False,Mishnah Niddah 6:11;Mishnah Niddah 6:11
mizbeach,False,Mishnah Shekalim 4:7;Mishnah Shekalim 4:8;Mishnah Shekalim 4:9
moded,False,Mishnah Berakhot 9:5
modeh,False,Mishnah Berakhot 9:5
modim,False,Mishnah Berakhot 5:2
moed,False,Mishnah Moed Katan 1:1;Mishnah Moed Katan 1:2;Mishnah Moed Katan 1:2;Mishnah Moed Katan 1:3;Mishnah Moed Katan 1:3;Mishnah Moed Katan 1:4;Mishnah Moed Katan 1:4;Mishnah Moed Katan 1:5;Mishnah Moed Katan 1:5;Mishnah Moed Katan 1:6;Mishnah Moed Katan 1:6;Mishnah Moed Katan 1:6;Mishnah Moed Katan 1:7;Mishnah Moed Katan 1:8;Mishnah Moed Katan 1:9;Mishnah Moed Katan 1:10;Mishnah Moed Katan 1:10;Mishnah Moed Katan 1:10
molech,False,Mishnah Sanhedrin 7:4;Mishnah Sanhedrin 7:7;Mishnah Sanhedrin 7:7;Mishnah Sanhedrin 7:7;Mishnah Sanhedrin 7:7
molekh,False,Mishnah Keritot 1:1
moreh,False,Mishnah Nazir 9:5;Mishnah Nazir 9:5;Mishnah Nazir 9:5;Mishnah Nazir 9:5;Mishnah Nazir 9:5;Mishnah Nazir 9:5;Mishnah Nazir 9:5
motzi shem ra,True,
mukat ets,False,Mishnah Ketubot 1:3;Mishnah Ketubot 1:3;Mishnah Ketubot 1:7
mukdashim,False,Mishnah Chullin 2:7;Mishnah Chullin 4:7;Mishnah Chullin 5:1;Mishnah Chullin 6:1;Mishnah Chullin 7:1;Mishnah Chullin 9:5;Mishnah Chullin 10:1;Mishnah Chullin 11:1;Mishnah Chullin 12:1
mulyar,False,Mishnah Shabbat 3:4
musaf,True,
musafim,True,
naara,False,Mishnah Ketubot 4:3
naarah,False,Mishnah Ketubot 3:3;Mishnah Ketubot 3:9;Mishnah Ketubot 4:1;Mishnah Ketubot 4:1
naarot,False,Mishnah Ketubot 3:1
nachor,False,Mishnah Shabbat 12:3
nadar bemotah,False,Mishnah Nedarim 1:2
nafuz,False,Mishnah Kilayim 1:5
naluz,False,Mishnah Kilayim 9:8
nasi,False,Mishnah Chagigah 2:2;Mishnah Nedarim 5:5;Mishnah Nedarim 5:5;Mishnah Nedarim 5:5;Mishnah Nedarim 5:5;Mishnah Nedarim 5:5;Mishnah Nedarim 5:5
natin,False,Mishnah Horayot 3:8;Mishnah Horayot 3:8;Mishnah Sotah 8:3;Mishnah Sotah 8:5;Mishnah Makkot 3:1
nazik,False,Mishnah Nedarim 1:2
nazir,True,
nazirim,False,Mishnah Middot 2:5;Mishnah Middot 2:5
naziyach,False,Mishnah Nedarim 1:2
nega,True,
negaim,True,
nesech,False,Mishnah Avodah Zarah 5:1;Mishnah Avodah Zarah 5:1;Mishnah Avodah Zarah 5:1;Mishnah Avodah Zarah 5:1;Mishnah Avodah Zarah 5:2;Mishnah Avodah Zarah 5:2;Mishnah Avodah Zarah 5:7;Mishnah Avodah Zarah 5:7;Mishnah Avodah Zarah 5:8;Mishnah Avodah Zarah 5:9;Mishnah Avodah Zarah 5:10;Mishnah Avodah Zarah 5:10
neta,True,
neta reva,False,Mishnah Maaser Sheni 5:10
neta revai,False,Mishnah Maaser Sheni 5:4;Mishnah Maaser Sheni 5:5
netakim,True,
netek,True,
netin,True,
netina,True,
netinah,True,
netinim,False,Mishnah Kiddushin 4:1;Mishnah Kiddushin 4:1
netinin,False,Mishnah Yevamot 8:3
netz hechalav,False,Mishnah Sheviit 7:1;Mishnah Sheviit 7:2;Mishnah Sheviit 8:3
nevailah,False,Mishnah Makkot 3:2
neveilah,True,
neveilot,True,
nevelah,True,
neveliot,False,Mishnah Shevuot 3:4;Mishnah Shevuot 3:4
nevelot,True,
nezirim,False,Mishnah Nazir 4:1;Mishnah Nazir 4:7;Mishnah Nazir 5:4;Mishnah Nazir 5:5;Mishnah Nazir 5:5;Mishnah Nazir 5:5;Mishnah Nazir 5:7;Mishnah Nazir 5:7;Mishnah Nazir 8:1
nezirut,False,Mishnah Nazir 1:1;Mishnah Nazir 1:1;Mishnah Nazir 1:2;Mishnah Nazir 1:3;Mishnah Nazir 1:4;Mishnah Nazir 1:7;Mishnah Nazir 2:4;Mishnah Nazir 3:2;Mishnah Nazir 3:2;Mishnah Nazir 4:7
nidah,False,Mishnah Makhshirin 4:6;Mishnah Tahorot 5:8
niddah,True,
niddot,True,
nikuf,True,
nisan,False,Mishnah Zevachim 1:3;Mishnah Zevachim 1:3;Mishnah Zevachim 14:3
nisuin,False,Mishnah Sanhedrin 11:6
nitsot,False,Mishnah Middot 1:1;Mishnah Middot 1:5;Mishnah Tamid 1:1
nitzot,False,Mishnah Tamid 1:1
noach,False,Mishnah Shabbat 12:3
notar,True,
nov,False,Mishnah Zevachim 14:7
nuz,False,Mishnah Kilayim 9:8
ohel,False,Mishnah Kelim 1:4
ohel moed,False,Mishnah Zevachim 14:1;Mishnah Zevachim 14:1
okhel nefesh,False,Mishnah Megillah 1:5;Mishnah Megillah 1:6
olah,True,
oleh veyored,False,Mishnah Keritot 1:2;Mishnah Keritot 2:3;Mishnah Keritot 2:4
oleh vyored,False,Mishnah Shevuot 1:2;Mishnah Shevuot 1:2;Mishnah Shevuot 2:1;Mishnah Shevuot 2:1;Mishnah Shevuot 3:7;Mishnah Shevuot 3:10;Mishnah Shevuot 4:2
olelet,True,
olelot,True,
olot,True,
omer,True,
onen,True,
orla,True,
orlah,True,
oto veet beno,False,Mishnah Chullin 5:1;Mishnah Chullin 5:3;Mishnah Chullin 5:3;Mishnah Chullin 5:3;Mishnah Chullin 5:5;Mishnah Chullin 5:5;Mishnah Chullin 5:5;Mishnah Chullin 6:3
parah,False,Mishnah Chullin 1:6
parah adumah,False,Mishnah Shekalim 4:2;Mishnah Shekalim 4:2;Mishnah Shekalim 4:2;Mishnah Shekalim 7:7;Mishnah Chullin 1:6;Mishnah Chullin 5:3
parat chatat,False,Mishnah Parah 2:1
parvah,False,Mishnah Middot 5:3;Mishnah Middot 5:3;Mishnah Middot 5:3
pasin,False,Mishnah Eruvin 2:1;Mishnah Eruvin 2:1;Mishnah Eruvin 2:2;Mishnah Eruvin 2:2;Mishnah Eruvin 2:2;Mishnah Eruvin 2:3;Mishnah Eruvin 2:3;Mishnah Eruvin 2:3;Mishnah Eruvin 2:3;Mishnah Eruvin 2:4;Mishnah Eruvin 2:4;Mishnah Eruvin 2:4
patuch,False,Mishnah Negaim 1:2
patukh,True,
paziyach,False,Mishnah Nedarim 1:2
peah,False,Mishnah Peah 1:1;Mishnah Peah 1:2;Mishnah Peah 1:2;Mishnah Peah 1:3;Mishnah Peah 1:3;Mishnah Peah 1:4;Mishnah Peah 1:4;Mishnah Peah 1:5;Mishnah Peah 1:6;Mishnah Peah 2:1;Mishnah Peah 2:2;Mishnah Peah 2:3;Mishnah Peah 2:4;Mishnah Peah 2:5;Mishnah Peah 2:5;Mishnah Peah 2:5;Mishnah Peah 2:5;Mishnah Peah 2:6;Mishnah Peah 2:6;Mishnah Peah 2:7;Mishnah Peah 2:7;Mishnah Peah 2:8;Mishnah Peah 2:8;Mishnah Peah 2:8;Mishnah Peah 3:1;Mishnah Peah 3:1;Mishnah Peah 3:2;Mishnah Peah 3:2;Mishnah Peah 3:2;Mishnah Peah 3:3;Mishnah Peah 3:4;Mishnah Peah 3:4;Mishnah Peah 3:5;Mishnah Peah 3:5;Mishnah Peah 3:5;Mishnah Peah 3:5;Mishnah Peah 3:5;Mishnah Peah 3:6;Mishnah Peah 3:6;Mishnah Peah 4:1;Mishnah Peah 4:3;Mishnah Peah 4:3;Mishnah Peah 4:4;Mishnah Peah 4:5;Mishnah Peah 4:6;Mishnah Peah 4:7;Mishnah Peah 4:9;Mishnah Peah 4:9;Mishnah Peah 5:4;Mishnah Peah 5:5;Mishnah Peah 5:5;Mishnah Peah 5:6;Mishnah Peah 8:2;Mishnah Peah 8:8;Mishnah Pesachim 4:8;Mishnah Maaser Sheni 5:10;Mishnah Terumot 1:5;Mishnah Terumot 6:5;Mishnah Terumot 9:2;Mishnah Challah 1:3;Mishnah Niddah 6:6;Mishnah Niddah 6:6
pegam,False,Mishnah Shevuot 5:4
pekudah,False,Mishnah Negaim 5:3;Mishnah Negaim 5:3;Mishnah Negaim 5:3
peret,True,
perushin,False,Mishnah Chagigah 2:7;Mishnah Chagigah 2:7
peruta,False,Mishnah Meilah 5:2;Mishnah Meilah 5:2;Mishnah Meilah 5:2;Mishnah Meilah 5:4;Mishnah Meilah 5:4
perutah,False,Mishnah Bava Metzia 4:7;Mishnah Bava Metzia 4:7;Mishnah Bava Metzia 4:7;Mishnah Bava Metzia 4:7;Mishnah Bava Metzia 4:7;Mishnah Bava Metzia 4:7;Mishnah Bava Metzia 4:8;Mishnah Bava Metzia 4:8;Mishnah Kiddushin 1:1;Mishnah Kiddushin 1:1;Mishnah Kiddushin 1:1;Mishnah Kiddushin 2:1;Mishnah Kiddushin 2:1;Mishnah Kiddushin 2:1;Mishnah Kiddushin 2:7;Mishnah Kiddushin 2:7;Mishnah Eduyot 4:7;Mishnah Eduyot 4:7;Mishnah Shevuot 6:1;Mishnah Shevuot 6:1;Mishnah Shevuot 6:1;Mishnah Shevuot 6:1;Mishnah Shevuot 6:3;Mishnah Shevuot 6:3;Mishnah Shevuot 7:6
perutahs,False,Mishnah Meilah 5:1;Mishnah Eduyot 4:7
perutas,False,Mishnah Meilah 5:2;Mishnah Meilah 5:2;Mishnah Meilah 5:2;Mishnah Meilah 5:5;Mishnah Meilah 5:5
perutiyot,False,Mishnah Kilayim 8:5
perutot,False,Mishnah Bava Metzia 4:7;Mishnah Kelim 14:1;Mishnah Kelim 14:1
pesach,False,Mishnah Bava Metzia 8:6;Mishnah Shekalim 2:5;Mishnah Shekalim 2:5;Mishnah Chullin 2:10;Mishnah Chullin 5:3;Mishnah Menachot 9:6;Mishnah Menachot 9:7;Mishnah Arakhin 2:3;Mishnah Arakhin 2:3;Mishnah Arakhin 2:3;Mishnah Arakhin 2:3;Mishnah Arakhin 2:3
petach,False,Mishnah Nedarim 2:1
petzua dakkah,False,Mishnah Yevamot 8:2
piggul,True,
pigul,False,Mishnah Tahorot 3:4;Mishnah Tahorot 3:4;Mishnah Tahorot 3:4;Mishnah Maaser Sheni 3:2;Mishnah Makkot 3:2;Mishnah Meilah 1:2;Mishnah Meilah 1:2;Mishnah Meilah 1:3;Mishnah Meilah 1:3;Mishnah Meilah 1:4;Mishnah Meilah 1:4;Mishnah Meilah 2:1;Mishnah Meilah 2:2;Mishnah Meilah 2:3;Mishnah Meilah 2:4;Mishnah Meilah 2:5;Mishnah Meilah 2:6;Mishnah Meilah 2:7;Mishnah Meilah 2:8;Mishnah Meilah 2:9;Mishnah Meilah 2:9;Mishnah Meilah 4:1;Mishnah Meilah 4:4;Mishnah Orlah 2:16
pondion,False,Mishnah Bava Batra 5:9
pondium,False,Mishnah Kelim 17:12
poteach,False,Mishnah Shekalim 5:1
pras,True,
prosbol,False,Mishnah Ketubot 9:9
prozbul,False,Mishnah Gittin 4:3;Mishnah Ketubot 9:9;Mishnah Oktzin 3:10;Mishnah Oktzin 3:10;Mishnah Oktzin 3:10
pruzbul,True,
pruzbulim,False,Mishnah Moed Katan 3:3
psachter,False,Mishnah Tamid 5:5
pundion,False,Mishnah Peah 8:7;Mishnah Arakhin 7:1
pundium,False,Mishnah Kelim 17:11
pundyon,False,Mishnah Bava Metzia 4:5;Mishnah Shevuot 6:3
pundyonot,False,Mishnah Bava Metzia 4:5;Mishnah Bava Metzia 4:5;Mishnah Bava Metzia 4:5
ramach,False,Mishnah Kilayim 8:5
rashei chodashim,True,
remasim,True,
reseda,False,Mishnah Sheviit 7:2
revai,True,
reviit,False,Mishnah Bava Metzia 8:5;Mishnah Bava Metzia 8:5;Mishnah Chagigah 3:4;Mishnah Oholot 2:2;Mishnah Oholot 2:2;Mishnah Oholot 2:2;Mishnah Oholot 2:5;Mishnah Oholot 2:6;Mishnah Oholot 3:2;Mishnah Oholot 3:2;Mishnah Oholot 3:5;Mishnah Oholot 3:5;Mishnah Oholot 3:5;Mishnah Oholot 3:5;Mishnah Oholot 3:5;Mishnah Makhshirin 6:6;Mishnah Sheviit 4:9;Mishnah Maaser Sheni 2:9;Mishnah Terumot 8:9;Mishnah Terumot 8:10;Mishnah Terumot 10:8;Mishnah Mikvaot 2:4;Mishnah Mikvaot 4:3;Mishnah Mikvaot 4:3;Mishnah Mikvaot 6:10;Mishnah Mikvaot 10:6;Mishnah Mikvaot 10:7;Mishnah Kelim 3:3;Mishnah Kelim 3:3;Mishnah Kelim 3:4;Mishnah Meilah 4:6;Mishnah Nazir 6:1;Mishnah Nazir 7:3;Mishnah Nazir 7:4;Mishnah Niddah 10:5;Mishnah Niddah 10:5;Mishnah Negaim 14:1;Mishnah Kelim 2:2;Mishnah Kelim 2:2
rimin,False,Mishnah Kilayim 1:4
ris,True,
rishon,True,
rivaii,False,Mishnah Parah 1:1;Mishnah Parah 1:1;Mishnah Parah 1:1
rivii,False,Mishnah Parah 1:1
rosh chodesh,True,
rosh hashana,True,
rosh hashanah,True,
rova,True,
rubia tinctorum,False,Mishnah Sheviit 7:2
sanhedrin,False,Mishnah Middot 5:4;Mishnah Shevuot 2:2
satayim,False,Mishnah Shevuot 7:5
satureia thymbra,False,Mishnah Maasrot 3:9;Mishnah Sheviit 8:1
schach,False,Mishnah Sukkah 1:10;Mishnah Sukkah 1:11;Mishnah Sukkah 1:11;Mishnah Sukkah 1:11;Mishnah Sukkah 1:11;Mishnah Sukkah 1:11;Mishnah Sukkah 1:11
scolopendrium,False,Mishnah Sheviit 7:2
scolopendrium hemionitis,False,Mishnah Sheviit 7:1;Mishnah Sheviit 7:2
seah,False,Mishnah Bava Metzia 6:5;Mishnah Bava Metzia 8:5;Mishnah Bava Metzia 8:5;Mishnah Peah 3:6;Mishnah Peah 6:6;Mishnah Peah 6:6;Mishnah Peah 6:6;Mishnah Peah 6:6;Mishnah Peah 6:7;Mishnah Peah 6:7;Mishnah Peah 6:7;Mishnah Peah 6:9;Mishnah Peah 6:9;Mishnah Peah 6:9;Mishnah Peah 7:2;Mishnah Peah 8:7;Mishnah Bava Batra 6:2;Mishnah Bava Batra 7:2;Mishnah Bava Batra 7:2;Mishnah Yoma 4:4;Mishnah Eruvin 7:10;Mishnah Eruvin 8:9;Mishnah Kilayim 2:1;Mishnah Kilayim 2:1;Mishnah Kilayim 2:1;Mishnah Oholot 8:1;Mishnah Oholot 8:3;Mishnah Oholot 9:12;Mishnah Oholot 9:14;Mishnah Oholot 17:1;Mishnah Oholot 17:5;Mishnah Oholot 17:5;Mishnah Tahorot 3:2;Mishnah Sheviit 1:2;Mishnah Sheviit 4:9;Mishnah Sheviit 5:2;Mishnah Sheviit 5:8;Mishnah Menachot 12:4;Mishnah Menachot 12:4;Mishnah Terumot 1:7;Mishnah Terumot 7:5;Mishnah Terumot 8:5;Mishnah Terumot 10:8;Mishnah Terumot 10:8;Mishnah Terumot 11:5;Mishnah Mikvaot 1:4;Mishnah Mikvaot 1:7;Mishnah Mikvaot 2:1;Mishnah Mikvaot 2:1;Mishnah Mikvaot 2:2;Mishnah Mikvaot 2:2;Mishnah Mikvaot 2:2;Mishnah Mikvaot 2:3;Mishnah Mikvaot 2:3;Mishnah Mikvaot 2:4;Mishnah Mikvaot 2:5;Mishnah Mikvaot 2:10;Mishnah Mikvaot 3:1;Mishnah Mikvaot 3:1;Mishnah Mikvaot 3:1;Mishnah Mikvaot 3:1;Mishnah Mikvaot 3:2;Mishnah Mikvaot 4:4;Mishnah Mikvaot 5:6;Mishnah Mikvaot 5:6;Mishnah Mikvaot 5:6;Mishnah Mikvaot 6:1;Mishnah Mikvaot 6:3;Mishnah Mikvaot 6:3;Mishnah Mikvaot 6:3;Mishnah Mikvaot 6:4;Mishnah Mikvaot 6:8;Mishnah Mikvaot 6:8;Mishnah Mikvaot 6:9;Mishnah Mikvaot 6:11;Mishnah Mikvaot 6:11;Mishnah Mikvaot 7:1;Mishnah Mikvaot 7:1;Mishnah Mikvaot 7:1;Mishnah Mikvaot 7:1;Mishnah Mikvaot 7:2;Mishnah Mikvaot 7:2;Mishnah Mikvaot 7:2;Mishnah Mikvaot 7:2;Mishnah Mikvaot 7:2;Mishnah Mikvaot 7:2;Mishnah Mikvaot 7:2;Mishnah Mikvaot 7:3;Mishnah Mikvaot 7:4;Mishnah Mikvaot 7:5;Mishnah Mikvaot 7:6;Mishnah Mikvaot 7:7;Mishnah Kelim 15:1;Mishnah Kelim 17:11;Mishnah Kelim 20:1;Mishnah Shevuot 7:5;Mishnah Terumot 4:2;Mishnah Terumot 4:2;Mishnah Terumot 4:7;Mishnah Terumot 4:7;Mishnah Terumot 4:11;Mishnah Terumot 4:11;Mishnah Terumot 4:11;Mishnah Terumot 4:12;Mishnah Terumot 5:1;Mishnah Terumot 5:1;Mishnah Terumot 5:1;Mishnah Terumot 5:1;Mishnah Terumot 5:2;Mishnah Terumot 5:2;Mishnah Terumot 5:2;Mishnah Terumot 5:2;Mishnah Terumot 5:2;Mishnah Terumot 5:3;Mishnah Terumot 5:3;Mishnah Terumot 5:4;Mishnah Terumot 5:4;Mishnah Terumot 5:5;Mishnah Terumot 5:6;Mishnah Terumot 5:7;Mishnah Terumot 5:7;Mishnah Terumot 5:8;Mishnah Terumot 5:9;Mishnah Terumot 5:9;Mishnah Terumot 5:9;Mishnah Tamid 2:5;Mishnah Tamid 2:5;Mishnah Orlah 2:2;Mishnah Orlah 2:2;Mishnah Orlah 2:3;Mishnah Orlah 2:3;Mishnah Orlah 2:3;Mishnah Orlah 2:3;Mishnah Zavim 4:2;Mishnah Kelim 2:2;Mishnah Kelim 2:2
seahs,False,Mishnah Terumot 4:2;Mishnah Kelim 2:2;Mishnah Kelim 2:2;Mishnah Kelim 2:2
seatayim,False,Mishnah Eruvin 2:3
seein,False,Mishnah Eruvin 8:2
seeit,False,Mishnah Negaim 1:1;Mishnah Negaim 1:1;Mishnah Negaim 7:2
sefarim,False,Mishnah Megillah 1:8;Mishnah Megillah 1:8;Mishnah Megillah 1:8
seim,False,Mishnah Bava Metzia 5:1;Mishnah Shekalim 3:2;Mishnah Menachot 6:6;Mishnah Menachot 6:6;Mishnah Menachot 6:6;Mishnah Menachot 7:1;Mishnah Menachot 7:1;Mishnah Menachot 7:1;Mishnah Menachot 10:1;Mishnah Menachot 10:1;Mishnah Bava Metzia 3:7
seir hamishtaleach,False,Mishnah Shekalim 4:2;Mishnah Shekalim 4:2
sela,True,
selah,False,Mishnah Ketubot 4:3;Mishnah Ketubot 4:3;Mishnah Ketubot 5:9;Mishnah Ketubot 5:9;Mishnah Ketubot 5:9;Mishnah Ketubot 5:9;Mishnah Ketubot 6:3;Mishnah Ketubot 6:4;Mishnah Maaser Sheni 2:6;Mishnah Maaser Sheni 2:6;Mishnah Maaser Sheni 2:6;Mishnah Maaser Sheni 2:7;Mishnah Maaser Sheni 2:8;Mishnah Maaser Sheni 2:8;Mishnah Maaser Sheni 2:9;Mishnah Maaser Sheni 2:9;Mishnah Maaser Sheni 2:10;Mishnah Maaser Sheni 2:10;Mishnah Maaser Sheni 4:3;Mishnah Maaser Sheni 4:3;Mishnah Maaser Sheni 4:3;Mishnah Maaser Sheni 4:3;Mishnah Maaser Sheni 4:3;Mishnah Maaser Sheni 4:6;Mishnah Maaser Sheni 4:6;Mishnah Maaser Sheni 4:6;Mishnah Maaser Sheni 4:6;Mishnah Maaser Sheni 4:6;Mishnah Maaser Sheni 4:6;Mishnah Maaser Sheni 4:6;Mishnah Maaser Sheni 4:6;Mishnah Maaser Sheni 5:4;Mishnah Maaser Sheni 5:4;Mishnah Terumot 10:8
selaim,False,Mishnah Bava Metzia 5:2;Mishnah Shekalim 2:4;Mishnah Shekalim 2:4;Mishnah Chullin 11:2;Mishnah Chullin 11:2;Mishnah Menachot 13:8;Mishnah Menachot 13:8;Mishnah Menachot 13:8;Mishnah Menachot 13:8;Mishnah Menachot 13:8;Mishnah Menachot 13:8;Mishnah Kelim 14:1;Mishnah Arakhin 2:1;Mishnah Arakhin 2:1;Mishnah Arakhin 2:1;Mishnah Arakhin 2:1;Mishnah Arakhin 3:1;Mishnah Arakhin 3:3;Mishnah Arakhin 3:4;Mishnah Arakhin 3:5;Mishnah Eduyot 7:1;Mishnah Arakhin 8:2;Mishnah Arakhin 8:2;Mishnah Arakhin 8:2;Mishnah Arakhin 8:2;Mishnah Arakhin 8:2;Mishnah Arakhin 8:3;Mishnah Bekhorot 8:2;Mishnah Bekhorot 8:3;Mishnah Bekhorot 8:3;Mishnah Bekhorot 8:4;Mishnah Bekhorot 8:4;Mishnah Bekhorot 8:4;Mishnah Bekhorot 8:4;Mishnah Bekhorot 8:5;Mishnah Bekhorot 8:5;Mishnah Bekhorot 8:5;Mishnah Bekhorot 8:5;Mishnah Bekhorot 8:6;Mishnah Bekhorot 8:6;Mishnah Bekhorot 8:7;Mishnah Bekhorot 8:8
selas,False,Mishnah Bava Batra 10:2;Mishnah Bava Batra 10:2;Mishnah Bekhorot 1:6
semichah,True,
serak,False,Mishnah Kilayim 6:3;Mishnah Kilayim 6:5;Mishnah Kilayim 6:5;Mishnah Kilayim 6:5
shaatnez,False,Mishnah Kilayim 9:8;Mishnah Kilayim 9:8;Mishnah Kilayim 9:8;Mishnah Kilayim 9:8
shaatzez,False,Mishnah Makkot 3:8
shabbat,False,Mishnah Shabbat 1:1
shabbatot,False,Mishnah Nedarim 9:6
shacharit,False,Mishnah Berakhot 4:1
shachul,False,Mishnah Bekhorot 6:7;Mishnah Bekhorot 6:7
shalmei tzibur,False,Mishnah Meilah 2:5
shavuaot,False,Mishnah Sukkah 5:7
shavuot,False,Mishnah Chullin 5:3;Mishnah Sheviit 1:1;Mishnah Sheviit 2:1;Mishnah Challah 4:10;Mishnah Bikkurim 1:10
shekalim,False,Mishnah Shekalim 1:1;Mishnah Shekalim 2:1;Mishnah Shekalim 2:4;Mishnah Shekalim 2:4;Mishnah Shekalim 2:4;Mishnah Shekalim 2:5;Mishnah Shekalim 8:8;Mishnah Shekalim 8:8;Mishnah Arakhin 3:2;Mishnah Shevuot 5:1;Mishnah Bekhorot 8:7
shekatsim,False,Mishnah Shevuot 3:4;Mishnah Shevuot 3:4
shekatzim uremashim,False,Mishnah Niddah 3:2
shekatzim uremasim,False,Mishnah Shabbat 14:1;Mishnah Sheviit 7:3
shekel,False,Mishnah Nedarim 4:2;Mishnah Maaser Sheni 2:8;Mishnah Maaser Sheni 2:8;Mishnah Maaser Sheni 2:9;Mishnah Maaser Sheni 2:9;Mishnah Eduyot 1:9;Mishnah Eduyot 1:9;Mishnah Eduyot 1:10;Mishnah Eduyot 1:10;Mishnah Shevuot 6:7;Mishnah Shevuot 6:7;Mishnah Arakhin 7:1
shekhinah,False,Mishnah Sanhedrin 6:5
shekuka,False,Mishnah Nedarim 1:2
shel rosh,False,Mishnah Kelim 18:8
shelamim,True,
shelamin,False,Mishnah Beitzah 2:4
shem,True,
shema,False,Mishnah Berakhot 1:1;Mishnah Berakhot 1:1;Mishnah Berakhot 1:2;Mishnah Berakhot 1:2;Mishnah Berakhot 1:2;Mishnah Berakhot 1:2;Mishnah Berakhot 1:3;Mishnah Berakhot 1:3;Mishnah Berakhot 1:4;Mishnah Berakhot 2:1;Mishnah Berakhot 2:1;Mishnah Berakhot 2:1;Mishnah Berakhot 2:1;Mishnah Berakhot 2:2;Mishnah Berakhot 2:2;Mishnah Berakhot 2:2;Mishnah Berakhot 2:2;Mishnah Berakhot 2:2;Mishnah Berakhot 2:2;Mishnah Berakhot 2:3;Mishnah Berakhot 2:4;Mishnah Berakhot 2:5;Mishnah Berakhot 2:5;Mishnah Berakhot 2:5;Mishnah Berakhot 2:8;Mishnah Berakhot 3:1;Mishnah Berakhot 3:1;Mishnah Berakhot 3:3;Mishnah Berakhot 3:4;Mishnah Berakhot 3:4;Mishnah Berakhot 3:5;Mishnah Shabbat 1:2;Mishnah Sotah 7:1
shema yisrael,False,Mishnah Shabbat 8:3
shemanecha,False,Mishnah Avodah Zarah 2:5
shemini atseret,False,Mishnah Chullin 5:3
sheminit,True,
shemitah,False,Mishnah Rosh Hashanah 1:1
shemittah,False,Mishnah Shekalim 4:1;Mishnah Eduyot 4:3;Mishnah Eduyot 4:5
shemona esrei,False,Mishnah Tamid 5:1
shemonah esrei,False,Mishnah Berakhot 3:1;Mishnah Berakhot 3:1;Mishnah Berakhot 3:3
shemoneh esrei,False,Mishnah Berakhot 4:3;Mishnah Berakhot 5:1
shemuel,False,Mishnah Shabbat 12:3
sheni,True,
sheniyot,False,Mishnah Yevamot 9:3
sheratsim,False,Mishnah Chullin 9:2
sheratzim,False,Mishnah Shabbat 14:1;Mishnah Meilah 4:4
sherets,False,Mishnah Chullin 9:2;Mishnah Chullin 9:5;Mishnah Chullin 9:6
sheretz,True,
shetukei,False,Mishnah Kiddushin 4:1;Mishnah Kiddushin 4:1;Mishnah Kiddushin 4:2;Mishnah Kiddushin 4:2;Mishnah Kiddushin 4:3
sheviit,False,Mishnah Shekalim 2:2;Mishnah Bekhorot 4:8;Mishnah Bekhorot 4:10;Mishnah Bekhorot 4:10
shevuah,False,Mishnah Nedarim 1:2;Mishnah Nedarim 2:1;Mishnah Nedarim 2:2;Mishnah Nedarim 2:2;Mishnah Nedarim 2:2;Mishnah Nedarim 2:3;Mishnah Nedarim 2:3
shevut,False,Mishnah Shabbat 10:6;Mishnah Eruvin 10:3;Mishnah Eruvin 10:15;Mishnah Pesachim 6:2;Mishnah Pesachim 6:2;Mishnah Rosh Hashanah 4:8;Mishnah Beitzah 5:2;Mishnah Beitzah 5:2
shevuta,False,Mishnah Nedarim 1:2
shevut,False,Mishnah Pesachim 6:2;Mishnah Pesachim 6:2;Mishnah Pesachim 6:2;Mishnah Pesachim 6:2
shifchah charufah,False,Mishnah Keritot 2:2;Mishnah Keritot 2:3;Mishnah Keritot 2:4;Mishnah Keritot 2:4;Mishnah Keritot 2:4;Mishnah Keritot 2:4;Mishnah Keritot 2:4;Mishnah Keritot 2:5;Mishnah Keritot 2:5;Mishnah Zevachim 5:5
shikcha,False,Mishnah Peah 4:3;Mishnah Peah 4:6;Mishnah Peah 4:6;Mishnah Peah 4:6;Mishnah Peah 5:4;Mishnah Peah 5:5;Mishnah Peah 5:5;Mishnah Peah 5:6;Mishnah Peah 5:7;Mishnah Peah 5:8;Mishnah Peah 5:8;Mishnah Peah 5:8;Mishnah Peah 5:8;Mishnah Peah 5:8;Mishnah Peah 5:8;Mishnah Peah 5:8;Mishnah Peah 5:8;Mishnah Peah 6:1;Mishnah Peah 6:1;Mishnah Peah 6:2;Mishnah Peah 6:2;Mishnah Peah 6:3;Mishnah Peah 6:4;Mishnah Peah 6:4;Mishnah Peah 6:4;Mishnah Peah 6:4;Mishnah Peah 6:4;Mishnah Peah 6:5;Mishnah Peah 6:5;Mishnah Peah 6:5;Mishnah Peah 6:5;Mishnah Peah 6:5;Mishnah Peah 6:5;Mishnah Peah 6:6;Mishnah Peah 6:6;Mishnah Peah 6:6;Mishnah Peah 6:8;Mishnah Peah 6:8;Mishnah Peah 6:10;Mishnah Peah 6:10;Mishnah Peah 6:10;Mishnah Peah 6:11;Mishnah Peah 6:11;Mishnah Peah 6:11;Mishnah Peah 7:1;Mishnah Peah 7:1;Mishnah Peah 7:1;Mishnah Peah 7:1;Mishnah Peah 7:2;Mishnah Peah 7:2;Mishnah Peah 7:2;Mishnah Peah 7:2;Mishnah Peah 7:8;Mishnah Peah 8:2;Mishnah Peah 8:8
shikhcha,False,Mishnah Peah 6:4
shikhecha,True,
shikma,False,Mishnah Kilayim 6:4
shikmah,False,Mishnah Kilayim 1:8
shiloach,False,Mishnah Zavim 1:5
shiloh,False,Mishnah Zevachim 14:6
shimon,False,Mishnah Shabbat 12:3
shirayim,False,Mishnah Kilayim 9:2
shis,False,Mishnah Middot 3:3
shittuf,False,Mishnah Challah 1:8;Mishnah Challah 1:8
shituf,False,Mishnah Eruvin 3:1;Mishnah Eruvin 6:5;Mishnah Eruvin 6:8;Mishnah Eruvin 6:8;Mishnah Eruvin 6:8;Mishnah Eruvin 6:8;Mishnah Eruvin 7:6;Mishnah Eruvin 7:7;Mishnah Eruvin 7:8;Mishnah Eruvin 7:9;Mishnah Eruvin 7:10
shlamim,False,Mishnah Nedarim 1:4
shlashit,False,Mishnah Parah 1:1;Mishnah Parah 1:1;Mishnah Parah 1:1
shlishit,False,Mishnah Parah 1:1
shofar,False,Mishnah Chullin 1:7;Mishnah Rosh Hashanah 4:6;Mishnah Arakhin 2:3
shofarot,False,Mishnah Shekalim 6:1;Mishnah Shekalim 6:5;Mishnah Shekalim 6:6;Mishnah Rosh Hashanah 4:5;Mishnah Rosh Hashanah 4:5;Mishnah Rosh Hashanah 4:6
shomeret yabam,False,Mishnah Sotah 4:1
shomeret yavam,True,
shor haniskal,False,Mishnah Chullin 5:3
shoshanat hamelech,False,Mishnah Kilayim 5:8
shoteh,False,Mishnah Gittin 2:6;Mishnah Gittin 2:6;Mishnah Chullin 1:1;Mishnah Chullin 6:3
shtei halechem,True,
shtiyah,False,Mishnah Yoma 5:2
shua,False,Mishnah Kilayim 9:8
shulchan,False,Mishnah Meilah 2:7
shushan habirah,False,Mishnah Kelim 17:9
sikra,False,Mishnah Shabbat 12:4
sikrikonim,False,Mishnah Bikkurim 1:2;Mishnah Bikkurim 2:3
simchah,False,Mishnah Sukkah 4:1;Mishnah Sukkah 4:8;Mishnah Sukkah 4:8
sin,False,Mishnah Eduyot 7:3;Mishnah Eduyot 7:4
sit,False,Mishnah Shabbat 13:4;Mishnah Shabbat 13:4;Mishnah Orlah 3:2;Mishnah Orlah 3:3
skhakh,False,Mishnah Sukkah 1:4;Mishnah Sukkah 1:4;Mishnah Sukkah 1:4;Mishnah Sukkah 1:4;Mishnah Sukkah 1:5;Mishnah Sukkah 1:6;Mishnah Sukkah 1:8;Mishnah Sukkah 1:9;Mishnah Sukkah 1:9;Mishnah Sukkah 1:10;Mishnah Sukkah 1:10;Mishnah Sukkah 1:10;Mishnah Sukkah 2:2;Mishnah Sukkah 2:2;Mishnah Sukkah 2:8
soreg,False,Mishnah Middot 2:3;Mishnah Middot 2:3
sotah,True,
sotot,False,Mishnah Sotah 1:5
soveiv,False,Mishnah Middot 3:1
sukkah,False,Mishnah Maasrot 3:7;Mishnah Maasrot 3:7;Mishnah Maasrot 3:7;Mishnah Maasrot 3:7;Mishnah Nedarim 2:2;Mishnah Shevuot 3:8
sukkot,False,Mishnah Maasrot 3:7;Mishnah Maasrot 3:7;Mishnah Bikkurim 1:6;Mishnah Bikkurim 1:6;Mishnah Bikkurim 1:10
syria,False,Mishnah Avodah Zarah 1:8;Mishnah Avodah Zarah 1:8
taf,False,Mishnah Maaser Sheni 4:11;Mishnah Maaser Sheni 4:11
tallit,False,Mishnah Taanit 2:3
tamai,False,Mishnah Meilah 4:1
tamei,False,Mishnah Meilah 1:1;Mishnah Meilah 1:2;Mishnah Meilah 1:2;Mishnah Meilah 1:3;Mishnah Meilah 1:3;Mishnah Meilah 1:4;Mishnah Meilah 1:4;Mishnah Meilah 2:1;Mishnah Meilah 2:2;Mishnah Meilah 2:3;Mishnah Meilah 2:4;Mishnah Meilah 2:5;Mishnah Meilah 2:6;Mishnah Meilah 2:7;Mishnah Meilah 2:8;Mishnah Meilah 2:9;Mishnah Meilah 2:9;Mishnah Meilah 2:9
tamid,True,
tamidim,False,Mishnah Sukkah 5:7
tapuach,False,Mishnah Tamid 2:2;Mishnah Tamid 2:2;Mishnah Tamid 2:4
tarkav,False,Mishnah Tamid 3:6
tarkov,False,Mishnah Tamid 5:4
tarpeikin,False,Mishnah Ketubot 5:7;Mishnah Ketubot 5:7
tartemar,False,Mishnah Sanhedrin 8:2
tashlumei kefel,True,
tashlumin,True,
tavui,False,Mishnah Kilayim 9:8
techeilet,False,Mishnah Kinnim 3:6
techiyat hameitim,False,Mishnah Berakhot 5:2
techum,False,Mishnah Eruvin 3:4;Mishnah Eruvin 3:5;Mishnah Eruvin 3:5;Mishnah Eruvin 3:5;Mishnah Eruvin 3:5;Mishnah Eruvin 3:5;Mishnah Eruvin 3:5;Mishnah Eruvin 3:6;Mishnah Eruvin 3:6;Mishnah Eruvin 3:7;Mishnah Eruvin 4:1;Mishnah Eruvin 4:1;Mishnah Eruvin 4:2;Mishnah Eruvin 4:3;Mishnah Eruvin 4:3;Mishnah Eruvin 4:11;Mishnah Eruvin 4:11;Mishnah Eruvin 4:11;Mishnah Eruvin 4:11;Mishnah Eruvin 4:11;Mishnah Eruvin 4:11;Mishnah Eruvin 5:4;Mishnah Eruvin 5:4;Mishnah Eruvin 5:5;Mishnah Eruvin 5:5;Mishnah Eruvin 5:7;Mishnah Eruvin 5:7;Mishnah Eruvin 5:7;Mishnah Eruvin 5:7;Mishnah Eruvin 5:7;Mishnah Eruvin 5:8;Mishnah Eruvin 5:8;Mishnah Eruvin 5:9;Mishnah Eruvin 10:2;Mishnah Pesachim 6:1;Mishnah Rosh Hashanah 4:8;Mishnah Beitzah 4:2;Mishnah Beitzah 5:3
techumim,False,Mishnah Eruvin 5:5;Mishnah Eruvin 7:11;Mishnah Eruvin 8:1;Mishnah Eruvin 8:2
techumin,False,Mishnah Eruvin 8:1
tefach,True,
tefachim,True,
tefi,False,Mishnah Parah 6:3;Mishnah Parah 6:3
tefilla,False,Mishnah Mikvaot 10:2;Mishnah Mikvaot 10:3
tefillah,False,Mishnah Berakhot 2:4
tefillin,False,Mishnah Berakhot 3:1;Mishnah Berakhot 3:3;Mishnah Megillah 1:8;Mishnah Megillah 1:8;Mishnah Shabbat 6:2;Mishnah Shabbat 8:3;Mishnah Shabbat 16:1;Mishnah Shabbat 16:1;Mishnah Moed Katan 3:4;Mishnah Moed Katan 3:4;Mishnah Nedarim 2:2;Mishnah Menachot 3:7;Mishnah Menachot 4:1;Mishnah Menachot 4:1;Mishnah Menachot 4:1;Mishnah Menachot 4:1;Mishnah Sanhedrin 11:3;Mishnah Sanhedrin 11:3;Mishnah Mikvaot 10:2;Mishnah Shevuot 3:8;Mishnah Shevuot 3:11;Mishnah Arakhin 6:3;Mishnah Arakhin 6:4
tekhelet,True,
tekia,False,Mishnah Tamid 7:3;Mishnah Tamid 7:3;Mishnah Tamid 7:3;Mishnah Tamid 7:3
tekiah,False,Mishnah Pesachim 5:5;Mishnah Pesachim 5:5;Mishnah Rosh Hashanah 4:9;Mishnah Rosh Hashanah 4:9;Mishnah Rosh Hashanah 4:9;Mishnah Rosh Hashanah 4:9;Mishnah Rosh Hashanah 4:9;Mishnah Rosh Hashanah 4:9
tekiya,False,Mishnah Tamid 7:3;Mishnah Tamid 7:3
tekiyah,False,Mishnah Sukkah 4:5;Mishnah Sukkah 4:5;Mishnah Sukkah 4:9;Mishnah Sukkah 4:9;Mishnah Sukkah 5:4;Mishnah Sukkah 5:4;Mishnah Sukkah 5:4;Mishnah Sukkah 5:4;Mishnah Sukkah 5:4;Mishnah Sukkah 5:4
temidim,True,
temurah,True,
terefah,True,
terefot,True,
tereifah,True,
tereifot,True,
teruah,False,Mishnah Pesachim 5:5;Mishnah Sukkah 4:5;Mishnah Sukkah 4:9;Mishnah Sukkah 5:4;Mishnah Sukkah 5:4;Mishnah Sukkah 5:4;Mishnah Rosh Hashanah 4:9;Mishnah Tamid 7:3;Mishnah Tamid 7:3;Mishnah Tamid 7:3
teruma,True,
terumah,True,
terumah terumat maaser terumat maaser,False,Mishnah Bava Metzia 4:8
terumat halishkah,True,
terumat maaser,False,Mishnah Demai 2:4;Mishnah Shabbat 18:1;Mishnah Shabbat 18:1;Mishnah Demai 4:1;Mishnah Demai 4:4;Mishnah Demai 5:1;Mishnah Demai 5:1;Mishnah Demai 5:2;Mishnah Demai 5:2;Mishnah Demai 5:3;Mishnah Demai 7:1;Mishnah Demai 7:2;Mishnah Demai 7:3;Mishnah Demai 7:5;Mishnah Tevul Yom 4:1;Mishnah Maaser Sheni 5:6;Mishnah Maaser Sheni 5:10;Mishnah Terumot 3:5;Mishnah Terumot 3:5;Mishnah Terumot 3:5;Mishnah Terumot 3:7;Mishnah Terumot 11:8;Mishnah Challah 3:9;Mishnah Bikkurim 2:5;Mishnah Meilah 4:3;Mishnah Meilah 4:3;Mishnah Terumot 4:5;Mishnah Terumot 4:5;Mishnah Terumot 5:1;Mishnah Orlah 2:1
terumot,True,
teruot,False,Mishnah Rosh Hashanah 4:9
tet,True,
tevalul,False,Mishnah Bekhorot 6:2;Mishnah Bekhorot 6:2
tevaria,False,Mishnah Shabbat 22:5
tevel,False,Mishnah Pesachim 2:5;Mishnah Shabbat 18:1;Mishnah Eruvin 3:2;Mishnah Eruvin 3:8;Mishnah Makhshirin 2:10;Mishnah Makhshirin 2:10;Mishnah Sanhedrin 8:2;Mishnah Tevul Yom 4:4;Mishnah Maaser Sheni 4:11
tevul yom,True,
tevulat yom,False,Mishnah Tevul Yom 4:2;Mishnah Tevul Yom 4:3
tfilah,False,Mishnah Mikvaot 10:4
tidrosh,False,Mishnah Bava Metzia 2:7
todah,False,Mishnah Nedarim 1:4;Mishnah Temurah 3:2;Mishnah Temurah 3:2;Mishnah Challah 1:6;Mishnah Meilah 4:2;Mishnah Zevachim 5:6;Mishnah Zevachim 10:2;Mishnah Zevachim 10:2
tofach,False,Mishnah Kilayim 1:1
torah,False,Mishnah Berakhot 1:2;Mishnah Berakhot 2:1;Mishnah Peah 1:1;Mishnah Peah 1:1
torah kohanim,False,Mishnah Menachot 4:3
traksin,False,Mishnah Middot 4:7
trefah,False,Mishnah Menachot 7:3
treifah,False,Mishnah Tahorot 1:1;Mishnah Makkot 3:2;Mishnah Eduyot 5:1;Mishnah Bekhorot 1:5;Mishnah Bekhorot 7:7
treifot,False,Mishnah Nedarim 2:1
trisit,False,Mishnah Shevuot 6:3
trovtor,False,Mishnah Kilayim 1:3
trumah,False,Mishnah Parah 5:1;Mishnah Parah 8:7;Mishnah Parah 8:7;Mishnah Parah 8:7;Mishnah Parah 9:8;Mishnah Parah 9:8;Mishnah Parah 9:8;Mishnah Parah 9:8;Mishnah Parah 9:9;Mishnah Parah 10:6;Mishnah Parah 10:6;Mishnah Parah 10:6;Mishnah Parah 10:6;Mishnah Parah 10:6;Mishnah Parah 11:2;Mishnah Parah 11:2;Mishnah Parah 11:2;Mishnah Parah 11:2;Mishnah Parah 11:2;Mishnah Parah 11:2;Mishnah Parah 11:2;Mishnah Parah 11:3;Mishnah Parah 11:4;Mishnah Parah 11:4;Mishnah Parah 11:4;Mishnah Parah 11:5;Mishnah Parah 11:7;Mishnah Parah 11:7
tsafachta,False,Mishnah Makhshirin 5:9
tsits,False,Mishnah Pesachim 7:7;Mishnah Pesachim 7:7;Mishnah Pesachim 7:7;Mishnah Tamid 7:2;Mishnah Tamid 7:2
tumah,False,Mishnah Meilah 4:5;Mishnah Meilah 4:5
tumat okhalin,False,Mishnah Challah 1:8
tumtum,False,Mishnah Bava Batra 9:2;Mishnah Bava Batra 9:2;Mishnah Bava Batra 9:2;Mishnah Bava Batra 9:2;Mishnah Bava Batra 9:2;Mishnah Bava Batra 9:2;Mishnah Bava Batra 9:2;Mishnah Bava Batra 9:2;Mishnah Yevamot 8:6;Mishnah Bikkurim 1:5;Mishnah Nazir 2:7;Mishnah Nazir 2:7;Mishnah Zavim 2:1
tvul yom,False,Mishnah Tevul Yom 2:1;Mishnah Tevul Yom 2:2;Mishnah Meilah 2:1;Mishnah Meilah 2:2;Mishnah Meilah 2:3;Mishnah Meilah 2:4;Mishnah Meilah 2:5;Mishnah Meilah 2:6;Mishnah Meilah 2:7;Mishnah Meilah 2:8;Mishnah Meilah 2:9
tzaftzefa,False,Mishnah Sukkah 3:3
tzaraat,False,Mishnah Tahorot 4:7;Mishnah Tahorot 4:12
tzimeia,False,Mishnah Bekhorot 7:4;Mishnah Bekhorot 7:4
tzimem,False,Mishnah Bekhorot 7:4;Mishnah Bekhorot 7:4
tzitz,False,Mishnah Yoma 7:5;Mishnah Zevachim 8:12;Mishnah Zevachim 8:12
tzitzit,False,Mishnah Moed Katan 3:4
tzurat hapetach,False,Mishnah Eruvin 1:1
ulam,False,Mishnah Yoma 3:8
umeiliz,False,Mishnah Kilayim 9:8
urim vetumim,False,Mishnah Shevuot 2:2
urim vtumim,False,Mishnah Yoma 7:5;Mishnah Yoma 7:5
vadai,False,Mishnah Maaser Sheni 4:8
vayomer,False,Mishnah Berakhot 2:2;Mishnah Berakhot 2:2;Mishnah Berakhot 2:2;Mishnah Berakhot 2:2;Mishnah Berakhot 2:2
vehayah im shamoa,False,Mishnah Berakhot 2:2;Mishnah Berakhot 2:2;Mishnah Berakhot 2:2;Mishnah Berakhot 2:2;Mishnah Berakhot 2:2
velad hatumah,False,Mishnah Meilah 4:5
vetein tal umatar livrakhah,False,Mishnah Berakhot 5:2
vicia ervilia,False,Mishnah Bekhorot 6:1
vlad hatumah,False,Mishnah Shekalim 8:4;Mishnah Shekalim 8:6;Mishnah Shekalim 8:6;Mishnah Shekalim 8:7;Mishnah Maaser Sheni 3:9;Mishnah Maaser Sheni 3:9
yadon,False,Mishnah Sanhedrin 10:3
yashan,True,
yavam,True,
yavams,False,Mishnah Yevamot 1:1;Mishnah Ketubot 8:7
yesod,False,Mishnah Middot 3:1
yevama,False,Mishnah Yevamot 2:1;Mishnah Yevamot 2:3;Mishnah Yevamot 3:5;Mishnah Yevamot 4:1;Mishnah Yevamot 4:2;Mishnah Yevamot 4:4;Mishnah Yevamot 4:7;Mishnah Yevamot 4:7;Mishnah Yevamot 4:7;Mishnah Yevamot 4:7;Mishnah Yevamot 4:8;Mishnah Yevamot 4:9;Mishnah Yevamot 4:10;Mishnah Yevamot 4:13;Mishnah Yevamot 5:1;Mishnah Yevamot 5:2;Mishnah Yevamot 5:3;Mishnah Yevamot 5:3;Mishnah Yevamot 5:4;Mishnah Yevamot 5:5;Mishnah Yevamot 10:6;Mishnah Yevamot 10:6;Mishnah Yevamot 10:6;Mishnah Yevamot 10:7;Mishnah Yevamot 10:8;Mishnah Yevamot 10:8;Mishnah Yevamot 10:9;Mishnah Yevamot 10:9;Mishnah Yevamot 10:9;Mishnah Yevamot 13:12;Mishnah Yevamot 13:12;Mishnah Yevamot 13:12;Mishnah Yevamot 15:4;Mishnah Yevamot 16:2;Mishnah Yevamot 6:1;Mishnah Yevamot 6:4;Mishnah Yevamot 8:5;Mishnah Yevamot 11:3;Mishnah Yevamot 11:4;Mishnah Yevamot 11:4;Mishnah Yevamot 11:4;Mishnah Yevamot 12:4;Mishnah Sotah 6:2
yevamah,False,Mishnah Kiddushin 1:1;Mishnah Yevamot 12:4;Mishnah Yevamot 12:4;Mishnah Yevamot 12:5;Mishnah Yevamot 12:6;Mishnah Niddah 5:5
yevamim,False,Mishnah Yevamot 3:9;Mishnah Yevamot 5:5;Mishnah Yevamot 14:3;Mishnah Yevamot 16:2;Mishnah Yevamot 16:2;Mishnah Yevamot 9:1;Mishnah Yevamot 9:1;Mishnah Yevamot 9:1;Mishnah Yevamot 9:1;Mishnah Yevamot 9:2;Mishnah Yevamot 9:2;Mishnah Yevamot 9:2
yevamot,False,Mishnah Yevamot 5:3;Mishnah Yevamot 5:5;Mishnah Yevamot 16:2
yibbum,False,Mishnah Moed Katan 1:7
yibum,False,Mishnah Yevamot 1:1;Mishnah Yevamot 1:1;Mishnah Yevamot 1:2;Mishnah Yevamot 1:2;Mishnah Yevamot 1:2;Mishnah Yevamot 1:4;Mishnah Yevamot 2:1;Mishnah Yevamot 2:1;Mishnah Yevamot 2:1;Mishnah Yevamot 2:2;Mishnah Yevamot 2:2;Mishnah Yevamot 2:2;Mishnah Yevamot 2:3;Mishnah Yevamot 2:3;Mishnah Yevamot 2:3;Mishnah Yevamot 2:5;Mishnah Yevamot 2:5;Mishnah Yevamot 2:6;Mishnah Yevamot 2:7;Mishnah Yevamot 2:7;Mishnah Yevamot 2:7;Mishnah Yevamot 2:7;Mishnah Yevamot 2:7;Mishnah Yevamot 2:8;Mishnah Yevamot 3:1;Mishnah Yevamot 3:2;Mishnah Yevamot 3:3;Mishnah Yevamot 3:4;Mishnah Yevamot 3:4;Mishnah Yevamot 3:6;Mishnah Yevamot 3:6;Mishnah Yevamot 3:8;Mishnah Yevamot 3:9;Mishnah Yevamot 3:9;Mishnah Yevamot 4:5;Mishnah Yevamot 4:5;Mishnah Yevamot 4:6;Mishnah Yevamot 4:8;Mishnah Yevamot 4:8;Mishnah Yevamot 4:10;Mishnah Yevamot 4:11;Mishnah Yevamot 4:11;Mishnah Yevamot 4:11;Mishnah Yevamot 4:11;Mishnah Yevamot 7:4;Mishnah Yevamot 9:1;Mishnah Yevamot 9:1;Mishnah Yevamot 9:2;Mishnah Yevamot 9:2;Mishnah Yevamot 9:3;Mishnah Yevamot 9:3;Mishnah Yevamot 9:4;Mishnah Yevamot 9:4;Mishnah Yevamot 9:4;Mishnah Yevamot 10:1;Mishnah Yevamot 10:3;Mishnah Yevamot 10:5;Mishnah Yevamot 10:6;Mishnah Yevamot 10:8;Mishnah Yevamot 10:8;Mishnah Yevamot 10:9;Mishnah Yevamot 10:9;Mishnah Yevamot 10:9;Mishnah Yevamot 11:2;Mishnah Yevamot 11:3;Mishnah Yevamot 11:4;Mishnah Yevamot 11:4;Mishnah Yevamot 11:6;Mishnah Yevamot 11:6;Mishnah Yevamot 11:6;Mishnah Yevamot 13:7;Mishnah Yevamot 13:12;Mishnah Yevamot 14:3;Mishnah Yevamot 14:7;Mishnah Yevamot 14:8;Mishnah Yevamot 15:1;Mishnah Yevamot 15:8;Mishnah Yevamot 15:9;Mishnah Yevamot 15:10;Mishnah Yevamot 16:1;Mishnah Yevamot 16:2;Mishnah Yevamot 6:4;Mishnah Yevamot 6:4;Mishnah Yevamot 8:4;Mishnah Yevamot 8:5;Mishnah Yevamot 8:5;Mishnah Yevamot 11:2;Mishnah Yevamot 11:3;Mishnah Yevamot 11:3;Mishnah Yevamot 11:3;Mishnah Yevamot 11:3;Mishnah Yevamot 11:4;Mishnah Yevamot 11:4;Mishnah Yevamot 11:4;Mishnah Yevamot 11:4;Mishnah Yevamot 11:6;Mishnah Yevamot 11:6;Mishnah Yevamot 11:6;Mishnah Yevamot 11:6;Mishnah Moed Katan 1:7;Mishnah Beitzah 5:2;Mishnah Niddah 5:3;Mishnah Niddah 5:3;Mishnah Niddah 5:3;Mishnah Niddah 5:9;Mishnah Niddah 5:9;Mishnah Niddah 6:1;Mishnah Niddah 6:1;Mishnah Niddah 6:1;Mishnah Niddah 6:11
yidoni,False,Mishnah Sanhedrin 7:4;Mishnah Sanhedrin 7:7
yisraelim,False,Mishnah Middot 5:1
yom kippur,False,Mishnah Chullin 5:3
zadad yehaz,False,Mishnah Menachot 11:4
zagim,False,Mishnah Nazir 6:2;Mishnah Nazir 6:2;Mishnah Nazir 6:2;Mishnah Nazir 6:2
zaken mamre,False,Mishnah Sanhedrin 11:1;Mishnah Sanhedrin 11:2
zar,True,
zarim,False,Mishnah Zevachim 3:1
zarut,False,Mishnah Zevachim 14:3
zav,True,
zava,True,
zavah,True,
zavim,True,
zavin,False,Mishnah Shekalim 2:5
zavot,True,
zavut,False,Mishnah Zavim 1:2;Mishnah Zavim 2:2
zayins,False,Mishnah Shabbat 12:5
zicharon,False,Mishnah Rosh Hashanah 4:6
zichronot,False,Mishnah Rosh Hashanah 4:5;Mishnah Rosh Hashanah 4:5;Mishnah Rosh Hashanah 4:6
ziff,False,Mishnah Makhshirin 5:9
zikah,False,Mishnah Niddah 5:3
zimmun,False,Mishnah Challah 1:8;Mishnah Challah 1:8
zivah,False,Mishnah Kinnim 1:5;Mishnah Kinnim 1:5;Mishnah Kinnim 1:5;Mishnah Kinnim 1:5;Mishnah Kinnim 1:5;Mishnah Kinnim 1:5;Mishnah Niddah 4:4;Mishnah Niddah 4:6;Mishnah Niddah 4:6;Mishnah Zavim 1:3;Mishnah Zavim 1:4;Mishnah Zavim 2:1;Mishnah Zavim 2:2;Mishnah Zavim 2:2;Mishnah Zavim 2:3;Mishnah Zavim 2:3
zomalistra,False,Mishnah Kelim 13:2
zomemin,False,Mishnah Makkot 1:1;Mishnah Makkot 1:2;Mishnah Makkot 1:3;Mishnah Makkot 1:3;Mishnah Makkot 1:3;Mishnah Makkot 1:4;Mishnah Makkot 1:4;Mishnah Makkot 1:4;Mishnah Makkot 1:5;Mishnah Makkot 1:5;Mishnah Makkot 1:6;Mishnah Makkot 1:7;Mishnah Makkot 1:7;Mishnah Makkot 1:7;Mishnah Makkot 1:7;Mishnah Makkot 1:7;Mishnah Makkot 1:9
zonah,False,Mishnah Yevamot 6:5;Mishnah Yevamot 6:5
zov,False,Mishnah Niddah 4:3;Mishnah Niddah 4:4;Mishnah Niddah 4:7;Mishnah Zavim 1:1
zug,True,
zugot,True,
zuz,True,
zuzim,False,Mishnah Bava Batra 10:2;Mishnah Bava Batra 10:2
terefah,False,Mishnah Pesachim 6:6
