Iggerot_HaRambam.3	Khiddushei HaRambam	"חידושי הרמב""ם"
Iggerot_HaRambam.4	Iggeret Teiman	איגרת תימן
Iggerot_HaRambam.5	Maamar Tekhiyat HaMetim	מאמר תחיית המתים
Iggerot_HaRambam.6	Maamar Kiddush HaShem	מאמר קידוש השם
Iggerot_HaRambam.7	Teshuvat HaRambam	"תשובת הרמב""ם"
Iggerot_HaRambam.8	Maamar HaIbur	מאמר העבור
Iggerot_HaRambam.9	Maamar Neged Galinos	מאמר נגד גאלינוס
Iggerot_HaRambam.10	Teshuvat She'elot	תשובת שאלות
Iggerot_HaRambam.11	Pirkei HaHatzlakhah	פרקי ההצלחה
Iggerot_HaRambam.12	Mikhtav HaMeyokhas LaRambam	"מכתב המיוחס למרן הרמב""ם"
Iggerot_HaRambam.13	Iggeret Kanaut	איגרת קנאות
