Ein_Yaakov_(Glick_Edition).1	Berakhot	ברכות
Ein_Yaakov_(Glick_Edition).2	Shabbat	שבת
Ein_Yaakov_(Glick_Edition).3	Eiruvin	עירובין
Ein_Yaakov_(Glick_Edition).4	Pesakhim	פסחים
Ein_Yaakov_(Glick_Edition).5	Yoma	יומא
Ein_Yaakov_(Glick_Edition).6	Sukkah	סוכה
Ein_Yaakov_(Glick_Edition).7	Beitzah	ביצה
Ein_Yaakov_(Glick_Edition).8	Rosh Hashanah	ראש השנה
Ein_Yaakov_(Glick_Edition).9	Taanit	תענית
Ein_Yaakov_(Glick_Edition).10	Megillah	מגילה
Ein_Yaakov_(Glick_Edition).11	Moed Katan	מועד קטן
Ein_Yaakov_(Glick_Edition).12	Khagigah	חגיגה
Ein_Yaakov_(Glick_Edition).13	Yevamot	יבמות
Ein_Yaakov_(Glick_Edition).14	Ketubot	כתובות
Ein_Yaakov_(Glick_Edition).15	Nedarim	נדרים
Ein_Yaakov_(Glick_Edition).16	Nazir	נזיר
Ein_Yaakov_(Glick_Edition).17	Gittin	גיטין
Ein_Yaakov_(Glick_Edition).18	Sotah	סוטה
Ein_Yaakov_(Glick_Edition).19	Kiddushin	קידושין
Ein_Yaakov_(Glick_Edition).20	Bava Kama	בבא קמא
Ein_Yaakov_(Glick_Edition).21	Bava Metzia	בבא מציעא
Ein_Yaakov_(Glick_Edition).22	Bava Batra	בבא בתרא
Ein_Yaakov_(Glick_Edition).23	Sanhedrin	סנהדרין
Ein_Yaakov_(Glick_Edition).24	Makkot	מכות
Ein_Yaakov_(Glick_Edition).25	Shevuot	שבועות
Ein_Yaakov_(Glick_Edition).26	Eduyot	עדיות
Ein_Yaakov_(Glick_Edition).27	Avodah Zarah 	עבודה זרה
Ein_Yaakov_(Glick_Edition).28	Horayot 	הוריות
Ein_Yaakov_(Glick_Edition).29	Zevachim	זבחים
Ein_Yaakov_(Glick_Edition).30	Menachot	מנחות
Ein_Yaakov_(Glick_Edition).31	Chullin	חולין